optimizer,original_size,optimized_size,reduction,fidelity,success,runtime_seconds,experiment,circuit_family,n_qubits,depth,param_n,seed_index,seed,gate_count
greedy_phase1,6,6,0.0,0.9999999999999992,True,0.0,E10_real_variance,QFT,3,5,3,0,42,6
commutation_phase2,6,6,0.0,0.9999999999999992,True,0.0,E10_real_variance,QFT,3,5,3,0,42,6
hybrid_phase1_2,6,6,0.0,0.9999999999999992,True,0.004999876022338867,E10_real_variance,QFT,3,5,3,0,42,6
template_phase2b,6,6,0.0,0.9999999999999992,True,0.0,E10_real_variance,QFT,3,5,3,0,42,6
greedy_phase1,6,6,0.0,0.9999999999999992,True,0.0,E10_real_variance,QFT,3,5,3,1,142,6
commutation_phase2,6,6,0.0,0.9999999999999992,True,0.0,E10_real_variance,QFT,3,5,3,1,142,6
hybrid_phase1_2,6,6,0.0,0.9999999999999992,True,0.006000041961669922,E10_real_variance,QFT,3,5,3,1,142,6
template_phase2b,6,6,0.0,0.9999999999999992,True,0.0009999275207519531,E10_real_variance,QFT,3,5,3,1,142,6
greedy_phase1,6,6,0.0,0.9999999999999992,True,0.001001596450805664,E10_real_variance,QFT,3,5,3,2,242,6
commutation_phase2,6,6,0.0,0.9999999999999992,True,0.0,E10_real_variance,QFT,3,5,3,2,242,6
hybrid_phase1_2,6,6,0.0,0.9999999999999992,True,0.004999876022338867,E10_real_variance,QFT,3,5,3,2,242,6
template_phase2b,6,6,0.0,0.9999999999999992,True,0.0,E10_real_variance,QFT,3,5,3,2,242,6
greedy_phase1,6,6,0.0,0.9999999999999992,True,0.0,E10_real_variance,QFT,3,5,3,3,342,6
commutation_phase2,6,6,0.0,0.9999999999999992,True,0.0009996891021728516,E10_real_variance,QFT,3,5,3,3,342,6
hybrid_phase1_2,6,6,0.0,0.9999999999999992,True,0.0050008296966552734,E10_real_variance,QFT,3,5,3,3,342,6
template_phase2b,6,6,0.0,0.9999999999999992,True,0.0010004043579101562,E10_real_variance,QFT,3,5,3,3,342,6
greedy_phase1,6,6,0.0,0.9999999999999992,True,0.0,E10_real_variance,QFT,3,5,3,4,442,6
commutation_phase2,6,6,0.0,0.9999999999999992,True,0.0,E10_real_variance,QFT,3,5,3,4,442,6
hybrid_phase1_2,6,6,0.0,0.9999999999999992,True,0.003999948501586914,E10_real_variance,QFT,3,5,3,4,442,6
template_phase2b,6,6,0.0,0.9999999999999992,True,0.0009999275207519531,E10_real_variance,QFT,3,5,3,4,442,6
greedy_phase1,10,10,0.0,0.9999999999999988,True,0.0,E10_real_variance,QFT,4,7,4,0,42,10
commutation_phase2,10,10,0.0,0.9999999999999988,True,0.0010006427764892578,E10_real_variance,QFT,4,7,4,0,42,10
hybrid_phase1_2,10,10,0.0,0.9999999999999988,True,0.008013248443603516,E10_real_variance,QFT,4,7,4,0,42,10
template_phase2b,10,10,0.0,0.9999999999999988,True,0.0,E10_real_variance,QFT,4,7,4,0,42,10
greedy_phase1,10,10,0.0,0.9999999999999988,True,0.0,E10_real_variance,QFT,4,7,4,1,142,10
commutation_phase2,10,10,0.0,0.9999999999999988,True,0.0009999275207519531,E10_real_variance,QFT,4,7,4,1,142,10
hybrid_phase1_2,10,10,0.0,0.9999999999999988,True,0.008985757827758789,E10_real_variance,QFT,4,7,4,1,142,10
template_phase2b,10,10,0.0,0.9999999999999988,True,0.0009984970092773438,E10_real_variance,QFT,4,7,4,1,142,10
greedy_phase1,10,10,0.0,0.9999999999999988,True,0.0,E10_real_variance,QFT,4,7,4,2,242,10
commutation_phase2,10,10,0.0,0.9999999999999988,True,0.0009996891021728516,E10_real_variance,QFT,4,7,4,2,242,10
hybrid_phase1_2,10,10,0.0,0.9999999999999988,True,0.010998249053955078,E10_real_variance,QFT,4,7,4,2,242,10
template_phase2b,10,10,0.0,0.9999999999999988,True,0.0009996891021728516,E10_real_variance,QFT,4,7,4,2,242,10
greedy_phase1,10,10,0.0,0.9999999999999988,True,0.0009999275207519531,E10_real_variance,QFT,4,7,4,3,342,10
commutation_phase2,10,10,0.0,0.9999999999999988,True,0.0009992122650146484,E10_real_variance,QFT,4,7,4,3,342,10
hybrid_phase1_2,10,10,0.0,0.9999999999999988,True,0.00800013542175293,E10_real_variance,QFT,4,7,4,3,342,10
template_phase2b,10,10,0.0,0.9999999999999988,True,0.0009999275207519531,E10_real_variance,QFT,4,7,4,3,342,10
greedy_phase1,10,10,0.0,0.9999999999999988,True,0.0,E10_real_variance,QFT,4,7,4,4,442,10
commutation_phase2,10,10,0.0,0.9999999999999988,True,0.0009999275207519531,E10_real_variance,QFT,4,7,4,4,442,10
hybrid_phase1_2,10,10,0.0,0.9999999999999988,True,0.007999897003173828,E10_real_variance,QFT,4,7,4,4,442,10
template_phase2b,10,10,0.0,0.9999999999999988,True,0.0009992122650146484,E10_real_variance,QFT,4,7,4,4,442,10
greedy_phase1,15,15,0.0,0.9999999999999987,True,0.0009996891021728516,E10_real_variance,QFT,5,9,5,0,42,15
commutation_phase2,15,15,0.0,0.9999999999999987,True,0.0019998550415039062,E10_real_variance,QFT,5,9,5,0,42,15
hybrid_phase1_2,15,15,0.0,0.9999999999999987,True,0.01299905776977539,E10_real_variance,QFT,5,9,5,0,42,15
template_phase2b,15,15,0.0,0.9999999999999987,True,0.0009999275207519531,E10_real_variance,QFT,5,9,5,0,42,15
greedy_phase1,15,15,0.0,0.9999999999999987,True,0.0009996891021728516,E10_real_variance,QFT,5,9,5,1,142,15
commutation_phase2,15,15,0.0,0.9999999999999987,True,0.0009999275207519531,E10_real_variance,QFT,5,9,5,1,142,15
hybrid_phase1_2,15,15,0.0,0.9999999999999987,True,0.013084888458251953,E10_real_variance,QFT,5,9,5,1,142,15
template_phase2b,15,15,0.0,0.9999999999999987,True,0.0009806156158447266,E10_real_variance,QFT,5,9,5,1,142,15
greedy_phase1,15,15,0.0,0.9999999999999987,True,0.0010151863098144531,E10_real_variance,QFT,5,9,5,2,242,15
commutation_phase2,15,15,0.0,0.9999999999999987,True,0.0020117759704589844,E10_real_variance,QFT,5,9,5,2,242,15
hybrid_phase1_2,15,15,0.0,0.9999999999999987,True,0.013001203536987305,E10_real_variance,QFT,5,9,5,2,242,15
template_phase2b,15,15,0.0,0.9999999999999987,True,0.0019922256469726562,E10_real_variance,QFT,5,9,5,2,242,15
greedy_phase1,15,15,0.0,0.9999999999999987,True,0.0,E10_real_variance,QFT,5,9,5,3,342,15
commutation_phase2,15,15,0.0,0.9999999999999987,True,0.001010894775390625,E10_real_variance,QFT,5,9,5,3,342,15
hybrid_phase1_2,15,15,0.0,0.9999999999999987,True,0.012891530990600586,E10_real_variance,QFT,5,9,5,3,342,15
template_phase2b,15,15,0.0,0.9999999999999987,True,0.001402139663696289,E10_real_variance,QFT,5,9,5,3,342,15
greedy_phase1,15,15,0.0,0.9999999999999987,True,0.0006172657012939453,E10_real_variance,QFT,5,9,5,4,442,15
commutation_phase2,15,15,0.0,0.9999999999999987,True,0.0019998550415039062,E10_real_variance,QFT,5,9,5,4,442,15
hybrid_phase1_2,15,15,0.0,0.9999999999999987,True,0.013044118881225586,E10_real_variance,QFT,5,9,5,4,442,15
template_phase2b,15,15,0.0,0.9999999999999987,True,0.0009870529174804688,E10_real_variance,QFT,5,9,5,4,442,15
greedy_phase1,21,21,0.0,0.9999999999999996,True,0.0010001659393310547,E10_real_variance,QFT,6,11,6,0,42,21
commutation_phase2,21,21,0.0,0.9999999999999996,True,0.0029969215393066406,E10_real_variance,QFT,6,11,6,0,42,21
hybrid_phase1_2,21,21,0.0,0.9999999999999996,True,0.025995254516601562,E10_real_variance,QFT,6,11,6,0,42,21
template_phase2b,21,21,0.0,0.9999999999999996,True,0.0019974708557128906,E10_real_variance,QFT,6,11,6,0,42,21
greedy_phase1,21,21,0.0,0.9999999999999996,True,0.001003265380859375,E10_real_variance,QFT,6,11,6,1,142,21
commutation_phase2,21,21,0.0,0.9999999999999996,True,0.003586292266845703,E10_real_variance,QFT,6,11,6,1,142,21
hybrid_phase1_2,21,21,0.0,0.9999999999999996,True,0.024749040603637695,E10_real_variance,QFT,6,11,6,1,142,21
template_phase2b,21,21,0.0,0.9999999999999996,True,0.0030019283294677734,E10_real_variance,QFT,6,11,6,1,142,21
greedy_phase1,21,21,0.0,0.9999999999999996,True,0.0009992122650146484,E10_real_variance,QFT,6,11,6,2,242,21
commutation_phase2,21,21,0.0,0.9999999999999996,True,0.002914905548095703,E10_real_variance,QFT,6,11,6,2,242,21
hybrid_phase1_2,21,21,0.0,0.9999999999999996,True,0.02649855613708496,E10_real_variance,QFT,6,11,6,2,242,21
template_phase2b,21,21,0.0,0.9999999999999996,True,0.0030517578125,E10_real_variance,QFT,6,11,6,2,242,21
greedy_phase1,21,21,0.0,0.9999999999999996,True,0.0016002655029296875,E10_real_variance,QFT,6,11,6,3,342,21
commutation_phase2,21,21,0.0,0.9999999999999996,True,0.003031015396118164,E10_real_variance,QFT,6,11,6,3,342,21
hybrid_phase1_2,21,21,0.0,0.9999999999999996,True,0.02470231056213379,E10_real_variance,QFT,6,11,6,3,342,21
template_phase2b,21,21,0.0,0.9999999999999996,True,0.0029976367950439453,E10_real_variance,QFT,6,11,6,3,342,21
greedy_phase1,21,21,0.0,0.9999999999999996,True,0.0010042190551757812,E10_real_variance,QFT,6,11,6,4,442,21
commutation_phase2,21,21,0.0,0.9999999999999996,True,0.0030057430267333984,E10_real_variance,QFT,6,11,6,4,442,21
hybrid_phase1_2,21,21,0.0,0.9999999999999996,True,0.02747631072998047,E10_real_variance,QFT,6,11,6,4,442,21
template_phase2b,21,21,0.0,0.9999999999999996,True,0.0019996166229248047,E10_real_variance,QFT,6,11,6,4,442,21
greedy_phase1,28,28,0.0,0.9999999999999969,True,0.00099945068359375,E10_real_variance,QFT,7,13,7,0,42,28
commutation_phase2,28,28,0.0,0.9999999999999969,True,0.003999471664428711,E10_real_variance,QFT,7,13,7,0,42,28
hybrid_phase1_2,28,28,0.0,0.9999999999999969,True,0.052696943283081055,E10_real_variance,QFT,7,13,7,0,42,28
template_phase2b,28,28,0.0,0.9999999999999969,True,0.003081798553466797,E10_real_variance,QFT,7,13,7,0,42,28
greedy_phase1,28,28,0.0,0.9999999999999969,True,0.0010006427764892578,E10_real_variance,QFT,7,13,7,1,142,28
commutation_phase2,28,28,0.0,0.9999999999999969,True,0.0041046142578125,E10_real_variance,QFT,7,13,7,1,142,28
hybrid_phase1_2,28,28,0.0,0.9999999999999969,True,0.051928043365478516,E10_real_variance,QFT,7,13,7,1,142,28
template_phase2b,28,28,0.0,0.9999999999999969,True,0.0029997825622558594,E10_real_variance,QFT,7,13,7,1,142,28
greedy_phase1,28,28,0.0,0.9999999999999969,True,0.001974344253540039,E10_real_variance,QFT,7,13,7,2,242,28
commutation_phase2,28,28,0.0,0.9999999999999969,True,0.0040013790130615234,E10_real_variance,QFT,7,13,7,2,242,28
hybrid_phase1_2,28,28,0.0,0.9999999999999969,True,0.05200314521789551,E10_real_variance,QFT,7,13,7,2,242,28
template_phase2b,28,28,0.0,0.9999999999999969,True,0.0030150413513183594,E10_real_variance,QFT,7,13,7,2,242,28
greedy_phase1,28,28,0.0,0.9999999999999969,True,0.0009961128234863281,E10_real_variance,QFT,7,13,7,3,342,28
commutation_phase2,28,28,0.0,0.9999999999999969,True,0.003998756408691406,E10_real_variance,QFT,7,13,7,3,342,28
hybrid_phase1_2,28,28,0.0,0.9999999999999969,True,0.055103302001953125,E10_real_variance,QFT,7,13,7,3,342,28
template_phase2b,28,28,0.0,0.9999999999999969,True,0.003024578094482422,E10_real_variance,QFT,7,13,7,3,342,28
greedy_phase1,28,28,0.0,0.9999999999999969,True,0.0020112991333007812,E10_real_variance,QFT,7,13,7,4,442,28
commutation_phase2,28,28,0.0,0.9999999999999969,True,0.003999471664428711,E10_real_variance,QFT,7,13,7,4,442,28
hybrid_phase1_2,28,28,0.0,0.9999999999999969,True,0.052791595458984375,E10_real_variance,QFT,7,13,7,4,442,28
template_phase2b,28,28,0.0,0.9999999999999969,True,0.002999544143676758,E10_real_variance,QFT,7,13,7,4,442,28
greedy_phase1,3,3,0.0,0.9999999999999996,True,0.0010137557983398438,E10_real_variance,GHZ,3,3,3,0,42,3
commutation_phase2,3,3,0.0,0.9999999999999996,True,0.0,E10_real_variance,GHZ,3,3,3,0,42,3
hybrid_phase1_2,3,3,0.0,0.9999999999999996,True,0.001994609832763672,E10_real_variance,GHZ,3,3,3,0,42,3
template_phase2b,3,3,0.0,0.9999999999999996,True,0.0,E10_real_variance,GHZ,3,3,3,0,42,3
greedy_phase1,3,3,0.0,0.9999999999999996,True,0.0,E10_real_variance,GHZ,3,3,3,1,142,3
commutation_phase2,3,3,0.0,0.9999999999999996,True,0.0,E10_real_variance,GHZ,3,3,3,1,142,3
hybrid_phase1_2,3,3,0.0,0.9999999999999996,True,0.001997232437133789,E10_real_variance,GHZ,3,3,3,1,142,3
template_phase2b,3,3,0.0,0.9999999999999996,True,0.0010001659393310547,E10_real_variance,GHZ,3,3,3,1,142,3
greedy_phase1,3,3,0.0,0.9999999999999996,True,0.0,E10_real_variance,GHZ,3,3,3,2,242,3
commutation_phase2,3,3,0.0,0.9999999999999996,True,0.0,E10_real_variance,GHZ,3,3,3,2,242,3
hybrid_phase1_2,3,3,0.0,0.9999999999999996,True,0.001950979232788086,E10_real_variance,GHZ,3,3,3,2,242,3
template_phase2b,3,3,0.0,0.9999999999999996,True,0.0,E10_real_variance,GHZ,3,3,3,2,242,3
greedy_phase1,3,3,0.0,0.9999999999999996,True,0.0,E10_real_variance,GHZ,3,3,3,3,342,3
commutation_phase2,3,3,0.0,0.9999999999999996,True,0.0,E10_real_variance,GHZ,3,3,3,3,342,3
hybrid_phase1_2,3,3,0.0,0.9999999999999996,True,0.0020024776458740234,E10_real_variance,GHZ,3,3,3,3,342,3
template_phase2b,3,3,0.0,0.9999999999999996,True,0.0010101795196533203,E10_real_variance,GHZ,3,3,3,3,342,3
greedy_phase1,3,3,0.0,0.9999999999999996,True,0.0,E10_real_variance,GHZ,3,3,3,4,442,3
commutation_phase2,3,3,0.0,0.9999999999999996,True,0.0,E10_real_variance,GHZ,3,3,3,4,442,3
hybrid_phase1_2,3,3,0.0,0.9999999999999996,True,0.002981901168823242,E10_real_variance,GHZ,3,3,3,4,442,3
template_phase2b,3,3,0.0,0.9999999999999996,True,0.0,E10_real_variance,GHZ,3,3,3,4,442,3
greedy_phase1,4,4,0.0,0.9999999999999996,True,0.0,E10_real_variance,GHZ,4,4,4,0,42,4
commutation_phase2,4,4,0.0,0.9999999999999996,True,0.0,E10_real_variance,GHZ,4,4,4,0,42,4
hybrid_phase1_2,4,4,0.0,0.9999999999999996,True,0.003589153289794922,E10_real_variance,GHZ,4,4,4,0,42,4
template_phase2b,4,4,0.0,0.9999999999999996,True,0.0,E10_real_variance,GHZ,4,4,4,0,42,4
greedy_phase1,4,4,0.0,0.9999999999999996,True,0.0,E10_real_variance,GHZ,4,4,4,1,142,4
commutation_phase2,4,4,0.0,0.9999999999999996,True,0.0,E10_real_variance,GHZ,4,4,4,1,142,4
hybrid_phase1_2,4,4,0.0,0.9999999999999996,True,0.002064943313598633,E10_real_variance,GHZ,4,4,4,1,142,4
template_phase2b,4,4,0.0,0.9999999999999996,True,0.0006582736968994141,E10_real_variance,GHZ,4,4,4,1,142,4
greedy_phase1,4,4,0.0,0.9999999999999996,True,0.0,E10_real_variance,GHZ,4,4,4,2,242,4
commutation_phase2,4,4,0.0,0.9999999999999996,True,0.0,E10_real_variance,GHZ,4,4,4,2,242,4
hybrid_phase1_2,4,4,0.0,0.9999999999999996,True,0.002405405044555664,E10_real_variance,GHZ,4,4,4,2,242,4
template_phase2b,4,4,0.0,0.9999999999999996,True,0.0,E10_real_variance,GHZ,4,4,4,2,242,4
greedy_phase1,4,4,0.0,0.9999999999999996,True,0.0,E10_real_variance,GHZ,4,4,4,3,342,4
commutation_phase2,4,4,0.0,0.9999999999999996,True,0.0,E10_real_variance,GHZ,4,4,4,3,342,4
hybrid_phase1_2,4,4,0.0,0.9999999999999996,True,0.001991748809814453,E10_real_variance,GHZ,4,4,4,3,342,4
template_phase2b,4,4,0.0,0.9999999999999996,True,0.0,E10_real_variance,GHZ,4,4,4,3,342,4
greedy_phase1,4,4,0.0,0.9999999999999996,True,0.0,E10_real_variance,GHZ,4,4,4,4,442,4
commutation_phase2,4,4,0.0,0.9999999999999996,True,0.0,E10_real_variance,GHZ,4,4,4,4,442,4
hybrid_phase1_2,4,4,0.0,0.9999999999999996,True,0.0019845962524414062,E10_real_variance,GHZ,4,4,4,4,442,4
template_phase2b,4,4,0.0,0.9999999999999996,True,0.0,E10_real_variance,GHZ,4,4,4,4,442,4
greedy_phase1,5,5,0.0,0.9999999999999998,True,0.0,E10_real_variance,GHZ,5,5,5,0,42,5
commutation_phase2,5,5,0.0,0.9999999999999998,True,0.0,E10_real_variance,GHZ,5,5,5,0,42,5
hybrid_phase1_2,5,5,0.0,0.9999999999999998,True,0.003021717071533203,E10_real_variance,GHZ,5,5,5,0,42,5
template_phase2b,5,5,0.0,0.9999999999999998,True,0.0,E10_real_variance,GHZ,5,5,5,0,42,5
greedy_phase1,5,5,0.0,0.9999999999999998,True,0.0,E10_real_variance,GHZ,5,5,5,1,142,5
commutation_phase2,5,5,0.0,0.9999999999999998,True,0.0,E10_real_variance,GHZ,5,5,5,1,142,5
hybrid_phase1_2,5,5,0.0,0.9999999999999998,True,0.0019953250885009766,E10_real_variance,GHZ,5,5,5,1,142,5
template_phase2b,5,5,0.0,0.9999999999999998,True,0.0,E10_real_variance,GHZ,5,5,5,1,142,5
greedy_phase1,5,5,0.0,0.9999999999999998,True,0.0,E10_real_variance,GHZ,5,5,5,2,242,5
commutation_phase2,5,5,0.0,0.9999999999999998,True,0.0,E10_real_variance,GHZ,5,5,5,2,242,5
hybrid_phase1_2,5,5,0.0,0.9999999999999998,True,0.0039081573486328125,E10_real_variance,GHZ,5,5,5,2,242,5
template_phase2b,5,5,0.0,0.9999999999999998,True,0.0,E10_real_variance,GHZ,5,5,5,2,242,5
greedy_phase1,5,5,0.0,0.9999999999999998,True,0.0,E10_real_variance,GHZ,5,5,5,3,342,5
commutation_phase2,5,5,0.0,0.9999999999999998,True,0.0,E10_real_variance,GHZ,5,5,5,3,342,5
hybrid_phase1_2,5,5,0.0,0.9999999999999998,True,0.0030651092529296875,E10_real_variance,GHZ,5,5,5,3,342,5
template_phase2b,5,5,0.0,0.9999999999999998,True,0.0,E10_real_variance,GHZ,5,5,5,3,342,5
greedy_phase1,5,5,0.0,0.9999999999999998,True,0.0,E10_real_variance,GHZ,5,5,5,4,442,5
commutation_phase2,5,5,0.0,0.9999999999999998,True,0.0,E10_real_variance,GHZ,5,5,5,4,442,5
hybrid_phase1_2,5,5,0.0,0.9999999999999998,True,0.0030059814453125,E10_real_variance,GHZ,5,5,5,4,442,5
template_phase2b,5,5,0.0,0.9999999999999998,True,0.0,E10_real_variance,GHZ,5,5,5,4,442,5
greedy_phase1,6,6,0.0,0.9999999999999998,True,0.0009918212890625,E10_real_variance,GHZ,6,6,6,0,42,6
commutation_phase2,6,6,0.0,0.9999999999999998,True,0.0,E10_real_variance,GHZ,6,6,6,0,42,6
hybrid_phase1_2,6,6,0.0,0.9999999999999998,True,0.00499725341796875,E10_real_variance,GHZ,6,6,6,0,42,6
template_phase2b,6,6,0.0,0.9999999999999998,True,0.0,E10_real_variance,GHZ,6,6,6,0,42,6
greedy_phase1,6,6,0.0,0.9999999999999998,True,0.0,E10_real_variance,GHZ,6,6,6,1,142,6
commutation_phase2,6,6,0.0,0.9999999999999998,True,0.0009169578552246094,E10_real_variance,GHZ,6,6,6,1,142,6
hybrid_phase1_2,6,6,0.0,0.9999999999999998,True,0.005918979644775391,E10_real_variance,GHZ,6,6,6,1,142,6
template_phase2b,6,6,0.0,0.9999999999999998,True,0.0,E10_real_variance,GHZ,6,6,6,1,142,6
greedy_phase1,6,6,0.0,0.9999999999999998,True,0.0,E10_real_variance,GHZ,6,6,6,2,242,6
commutation_phase2,6,6,0.0,0.9999999999999998,True,0.0,E10_real_variance,GHZ,6,6,6,2,242,6
hybrid_phase1_2,6,6,0.0,0.9999999999999998,True,0.006104707717895508,E10_real_variance,GHZ,6,6,6,2,242,6
template_phase2b,6,6,0.0,0.9999999999999998,True,0.0,E10_real_variance,GHZ,6,6,6,2,242,6
greedy_phase1,6,6,0.0,0.9999999999999998,True,0.0,E10_real_variance,GHZ,6,6,6,3,342,6
commutation_phase2,6,6,0.0,0.9999999999999998,True,0.0,E10_real_variance,GHZ,6,6,6,3,342,6
hybrid_phase1_2,6,6,0.0,0.9999999999999998,True,0.0059206485748291016,E10_real_variance,GHZ,6,6,6,3,342,6
template_phase2b,6,6,0.0,0.9999999999999998,True,0.0,E10_real_variance,GHZ,6,6,6,3,342,6
greedy_phase1,6,6,0.0,0.9999999999999998,True,0.0,E10_real_variance,GHZ,6,6,6,4,442,6
commutation_phase2,6,6,0.0,0.9999999999999998,True,0.0,E10_real_variance,GHZ,6,6,6,4,442,6
hybrid_phase1_2,6,6,0.0,0.9999999999999998,True,0.005791664123535156,E10_real_variance,GHZ,6,6,6,4,442,6
template_phase2b,6,6,0.0,0.9999999999999998,True,0.0,E10_real_variance,GHZ,6,6,6,4,442,6
greedy_phase1,7,7,0.0,0.9999999999999998,True,0.0,E10_real_variance,GHZ,7,7,7,0,42,7
commutation_phase2,7,7,0.0,0.9999999999999998,True,0.0,E10_real_variance,GHZ,7,7,7,0,42,7
hybrid_phase1_2,7,7,0.0,0.9999999999999998,True,0.011998653411865234,E10_real_variance,GHZ,7,7,7,0,42,7
template_phase2b,7,7,0.0,0.9999999999999998,True,0.0,E10_real_variance,GHZ,7,7,7,0,42,7
greedy_phase1,7,7,0.0,0.9999999999999998,True,0.0,E10_real_variance,GHZ,7,7,7,1,142,7
commutation_phase2,7,7,0.0,0.9999999999999998,True,0.0,E10_real_variance,GHZ,7,7,7,1,142,7
hybrid_phase1_2,7,7,0.0,0.9999999999999998,True,0.011076927185058594,E10_real_variance,GHZ,7,7,7,1,142,7
template_phase2b,7,7,0.0,0.9999999999999998,True,0.0,E10_real_variance,GHZ,7,7,7,1,142,7
greedy_phase1,7,7,0.0,0.9999999999999998,True,0.0,E10_real_variance,GHZ,7,7,7,2,242,7
commutation_phase2,7,7,0.0,0.9999999999999998,True,0.0,E10_real_variance,GHZ,7,7,7,2,242,7
hybrid_phase1_2,7,7,0.0,0.9999999999999998,True,0.01110219955444336,E10_real_variance,GHZ,7,7,7,2,242,7
template_phase2b,7,7,0.0,0.9999999999999998,True,0.0,E10_real_variance,GHZ,7,7,7,2,242,7
greedy_phase1,7,7,0.0,0.9999999999999998,True,0.0,E10_real_variance,GHZ,7,7,7,3,342,7
commutation_phase2,7,7,0.0,0.9999999999999998,True,0.0,E10_real_variance,GHZ,7,7,7,3,342,7
hybrid_phase1_2,7,7,0.0,0.9999999999999998,True,0.011784076690673828,E10_real_variance,GHZ,7,7,7,3,342,7
template_phase2b,7,7,0.0,0.9999999999999998,True,0.0,E10_real_variance,GHZ,7,7,7,3,342,7
greedy_phase1,7,7,0.0,0.9999999999999998,True,0.0,E10_real_variance,GHZ,7,7,7,4,442,7
commutation_phase2,7,7,0.0,0.9999999999999998,True,0.0,E10_real_variance,GHZ,7,7,7,4,442,7
hybrid_phase1_2,7,7,0.0,0.9999999999999998,True,0.01141047477722168,E10_real_variance,GHZ,7,7,7,4,442,7
template_phase2b,7,7,0.0,0.9999999999999998,True,0.0,E10_real_variance,GHZ,7,7,7,4,442,7
greedy_phase1,4,0,1.0,1.0,True,0.0,E10_real_variance,CNOT_chain,3,4,3,0,42,4
commutation_phase2,4,4,0.0,1.0,True,0.0,E10_real_variance,CNOT_chain,3,4,3,0,42,4
hybrid_phase1_2,4,0,1.0,1.0,True,0.0010190010070800781,E10_real_variance,CNOT_chain,3,4,3,0,42,4
template_phase2b,4,4,0.0,1.0,True,0.0,E10_real_variance,CNOT_chain,3,4,3,0,42,4
greedy_phase1,4,0,1.0,1.0,True,0.0,E10_real_variance,CNOT_chain,3,4,3,1,142,4
commutation_phase2,4,4,0.0,1.0,True,0.0,E10_real_variance,CNOT_chain,3,4,3,1,142,4
hybrid_phase1_2,4,0,1.0,1.0,True,0.0020079612731933594,E10_real_variance,CNOT_chain,3,4,3,1,142,4
template_phase2b,4,4,0.0,1.0,True,0.0,E10_real_variance,CNOT_chain,3,4,3,1,142,4
greedy_phase1,4,0,1.0,1.0,True,0.0,E10_real_variance,CNOT_chain,3,4,3,2,242,4
commutation_phase2,4,4,0.0,1.0,True,0.0,E10_real_variance,CNOT_chain,3,4,3,2,242,4
hybrid_phase1_2,4,0,1.0,1.0,True,0.0019974708557128906,E10_real_variance,CNOT_chain,3,4,3,2,242,4
template_phase2b,4,4,0.0,1.0,True,0.0,E10_real_variance,CNOT_chain,3,4,3,2,242,4
greedy_phase1,4,0,1.0,1.0,True,0.0,E10_real_variance,CNOT_chain,3,4,3,3,342,4
commutation_phase2,4,4,0.0,1.0,True,0.0,E10_real_variance,CNOT_chain,3,4,3,3,342,4
hybrid_phase1_2,4,0,1.0,1.0,True,0.002000093460083008,E10_real_variance,CNOT_chain,3,4,3,3,342,4
template_phase2b,4,4,0.0,1.0,True,0.0,E10_real_variance,CNOT_chain,3,4,3,3,342,4
greedy_phase1,4,0,1.0,1.0,True,0.0,E10_real_variance,CNOT_chain,3,4,3,4,442,4
commutation_phase2,4,4,0.0,1.0,True,0.0,E10_real_variance,CNOT_chain,3,4,3,4,442,4
hybrid_phase1_2,4,0,1.0,1.0,True,0.001985311508178711,E10_real_variance,CNOT_chain,3,4,3,4,442,4
template_phase2b,4,4,0.0,1.0,True,0.0,E10_real_variance,CNOT_chain,3,4,3,4,442,4
greedy_phase1,6,0,1.0,1.0,True,0.00099945068359375,E10_real_variance,CNOT_chain,4,6,4,0,42,6
commutation_phase2,6,6,0.0,1.0,True,0.0,E10_real_variance,CNOT_chain,4,6,4,0,42,6
hybrid_phase1_2,6,0,1.0,1.0,True,0.001999378204345703,E10_real_variance,CNOT_chain,4,6,4,0,42,6
template_phase2b,6,6,0.0,1.0,True,0.0,E10_real_variance,CNOT_chain,4,6,4,0,42,6
greedy_phase1,6,0,1.0,1.0,True,0.0,E10_real_variance,CNOT_chain,4,6,4,1,142,6
commutation_phase2,6,6,0.0,1.0,True,0.0,E10_real_variance,CNOT_chain,4,6,4,1,142,6
hybrid_phase1_2,6,0,1.0,1.0,True,0.0020008087158203125,E10_real_variance,CNOT_chain,4,6,4,1,142,6
template_phase2b,6,6,0.0,1.0,True,0.0,E10_real_variance,CNOT_chain,4,6,4,1,142,6
greedy_phase1,6,0,1.0,1.0,True,0.0,E10_real_variance,CNOT_chain,4,6,4,2,242,6
commutation_phase2,6,6,0.0,1.0,True,0.0,E10_real_variance,CNOT_chain,4,6,4,2,242,6
hybrid_phase1_2,6,0,1.0,1.0,True,0.0019996166229248047,E10_real_variance,CNOT_chain,4,6,4,2,242,6
template_phase2b,6,6,0.0,1.0,True,0.0,E10_real_variance,CNOT_chain,4,6,4,2,242,6
greedy_phase1,6,0,1.0,1.0,True,0.0,E10_real_variance,CNOT_chain,4,6,4,3,342,6
commutation_phase2,6,6,0.0,1.0,True,0.0010008811950683594,E10_real_variance,CNOT_chain,4,6,4,3,342,6
hybrid_phase1_2,6,0,1.0,1.0,True,0.0020198822021484375,E10_real_variance,CNOT_chain,4,6,4,3,342,6
template_phase2b,6,6,0.0,1.0,True,0.0,E10_real_variance,CNOT_chain,4,6,4,3,342,6
greedy_phase1,6,0,1.0,1.0,True,0.0,E10_real_variance,CNOT_chain,4,6,4,4,442,6
commutation_phase2,6,6,0.0,1.0,True,0.0,E10_real_variance,CNOT_chain,4,6,4,4,442,6
hybrid_phase1_2,6,0,1.0,1.0,True,0.0019996166229248047,E10_real_variance,CNOT_chain,4,6,4,4,442,6
template_phase2b,6,6,0.0,1.0,True,0.0,E10_real_variance,CNOT_chain,4,6,4,4,442,6
greedy_phase1,8,0,1.0,1.0,True,0.0,E10_real_variance,CNOT_chain,5,8,5,0,42,8
commutation_phase2,8,8,0.0,1.0,True,0.0,E10_real_variance,CNOT_chain,5,8,5,0,42,8
hybrid_phase1_2,8,0,1.0,1.0,True,0.003504037857055664,E10_real_variance,CNOT_chain,5,8,5,0,42,8
template_phase2b,8,8,0.0,1.0,True,0.0,E10_real_variance,CNOT_chain,5,8,5,0,42,8
greedy_phase1,8,0,1.0,1.0,True,0.0,E10_real_variance,CNOT_chain,5,8,5,1,142,8
commutation_phase2,8,8,0.0,1.0,True,0.0,E10_real_variance,CNOT_chain,5,8,5,1,142,8
hybrid_phase1_2,8,0,1.0,1.0,True,0.0019986629486083984,E10_real_variance,CNOT_chain,5,8,5,1,142,8
template_phase2b,8,8,0.0,1.0,True,0.0,E10_real_variance,CNOT_chain,5,8,5,1,142,8
greedy_phase1,8,0,1.0,1.0,True,0.0,E10_real_variance,CNOT_chain,5,8,5,2,242,8
commutation_phase2,8,8,0.0,1.0,True,0.0010001659393310547,E10_real_variance,CNOT_chain,5,8,5,2,242,8
hybrid_phase1_2,8,0,1.0,1.0,True,0.002000093460083008,E10_real_variance,CNOT_chain,5,8,5,2,242,8
template_phase2b,8,8,0.0,1.0,True,0.0,E10_real_variance,CNOT_chain,5,8,5,2,242,8
greedy_phase1,8,0,1.0,1.0,True,0.0010001659393310547,E10_real_variance,CNOT_chain,5,8,5,3,342,8
commutation_phase2,8,8,0.0,1.0,True,0.0,E10_real_variance,CNOT_chain,5,8,5,3,342,8
hybrid_phase1_2,8,0,1.0,1.0,True,0.0020008087158203125,E10_real_variance,CNOT_chain,5,8,5,3,342,8
template_phase2b,8,8,0.0,1.0,True,0.0,E10_real_variance,CNOT_chain,5,8,5,3,342,8
greedy_phase1,8,0,1.0,1.0,True,0.0,E10_real_variance,CNOT_chain,5,8,5,4,442,8
commutation_phase2,8,8,0.0,1.0,True,0.0,E10_real_variance,CNOT_chain,5,8,5,4,442,8
hybrid_phase1_2,8,0,1.0,1.0,True,0.002000570297241211,E10_real_variance,CNOT_chain,5,8,5,4,442,8
template_phase2b,8,8,0.0,1.0,True,0.0,E10_real_variance,CNOT_chain,5,8,5,4,442,8
greedy_phase1,10,0,1.0,1.0,True,0.0,E10_real_variance,CNOT_chain,6,10,6,0,42,10
commutation_phase2,10,10,0.0,1.0,True,0.0,E10_real_variance,CNOT_chain,6,10,6,0,42,10
hybrid_phase1_2,10,0,1.0,1.0,True,0.004734516143798828,E10_real_variance,CNOT_chain,6,10,6,0,42,10
template_phase2b,10,10,0.0,1.0,True,0.0,E10_real_variance,CNOT_chain,6,10,6,0,42,10
greedy_phase1,10,0,1.0,1.0,True,0.0,E10_real_variance,CNOT_chain,6,10,6,1,142,10
commutation_phase2,10,10,0.0,1.0,True,0.0,E10_real_variance,CNOT_chain,6,10,6,1,142,10
hybrid_phase1_2,10,0,1.0,1.0,True,0.00400090217590332,E10_real_variance,CNOT_chain,6,10,6,1,142,10
template_phase2b,10,10,0.0,1.0,True,0.0,E10_real_variance,CNOT_chain,6,10,6,1,142,10
greedy_phase1,10,0,1.0,1.0,True,0.0,E10_real_variance,CNOT_chain,6,10,6,2,242,10
commutation_phase2,10,10,0.0,1.0,True,0.0,E10_real_variance,CNOT_chain,6,10,6,2,242,10
hybrid_phase1_2,10,0,1.0,1.0,True,0.004028797149658203,E10_real_variance,CNOT_chain,6,10,6,2,242,10
template_phase2b,10,10,0.0,1.0,True,0.0,E10_real_variance,CNOT_chain,6,10,6,2,242,10
greedy_phase1,10,0,1.0,1.0,True,0.0,E10_real_variance,CNOT_chain,6,10,6,3,342,10
commutation_phase2,10,10,0.0,1.0,True,0.0,E10_real_variance,CNOT_chain,6,10,6,3,342,10
hybrid_phase1_2,10,0,1.0,1.0,True,0.004946708679199219,E10_real_variance,CNOT_chain,6,10,6,3,342,10
template_phase2b,10,10,0.0,1.0,True,0.0,E10_real_variance,CNOT_chain,6,10,6,3,342,10
greedy_phase1,10,0,1.0,1.0,True,0.0,E10_real_variance,CNOT_chain,6,10,6,4,442,10
commutation_phase2,10,10,0.0,1.0,True,0.0,E10_real_variance,CNOT_chain,6,10,6,4,442,10
hybrid_phase1_2,10,0,1.0,1.0,True,0.003908634185791016,E10_real_variance,CNOT_chain,6,10,6,4,442,10
template_phase2b,10,10,0.0,1.0,True,0.0,E10_real_variance,CNOT_chain,6,10,6,4,442,10
greedy_phase1,12,0,1.0,1.0,True,0.0,E10_real_variance,CNOT_chain,7,12,7,0,42,12
commutation_phase2,12,12,0.0,1.0,True,0.0,E10_real_variance,CNOT_chain,7,12,7,0,42,12
hybrid_phase1_2,12,0,1.0,1.0,True,0.010004997253417969,E10_real_variance,CNOT_chain,7,12,7,0,42,12
template_phase2b,12,12,0.0,1.0,True,0.0009055137634277344,E10_real_variance,CNOT_chain,7,12,7,0,42,12
greedy_phase1,12,0,1.0,1.0,True,0.0,E10_real_variance,CNOT_chain,7,12,7,1,142,12
commutation_phase2,12,12,0.0,1.0,True,0.0,E10_real_variance,CNOT_chain,7,12,7,1,142,12
hybrid_phase1_2,12,0,1.0,1.0,True,0.011343240737915039,E10_real_variance,CNOT_chain,7,12,7,1,142,12
template_phase2b,12,12,0.0,1.0,True,0.0015637874603271484,E10_real_variance,CNOT_chain,7,12,7,1,142,12
greedy_phase1,12,0,1.0,1.0,True,0.0,E10_real_variance,CNOT_chain,7,12,7,2,242,12
commutation_phase2,12,12,0.0,1.0,True,0.0,E10_real_variance,CNOT_chain,7,12,7,2,242,12
hybrid_phase1_2,12,0,1.0,1.0,True,0.010654449462890625,E10_real_variance,CNOT_chain,7,12,7,2,242,12
template_phase2b,12,12,0.0,1.0,True,0.0009624958038330078,E10_real_variance,CNOT_chain,7,12,7,2,242,12
greedy_phase1,12,0,1.0,1.0,True,0.0,E10_real_variance,CNOT_chain,7,12,7,3,342,12
commutation_phase2,12,12,0.0,1.0,True,0.0,E10_real_variance,CNOT_chain,7,12,7,3,342,12
hybrid_phase1_2,12,0,1.0,1.0,True,0.010629892349243164,E10_real_variance,CNOT_chain,7,12,7,3,342,12
template_phase2b,12,12,0.0,1.0,True,0.0,E10_real_variance,CNOT_chain,7,12,7,3,342,12
greedy_phase1,12,0,1.0,1.0,True,0.0,E10_real_variance,CNOT_chain,7,12,7,4,442,12
commutation_phase2,12,12,0.0,1.0,True,0.0006158351898193359,E10_real_variance,CNOT_chain,7,12,7,4,442,12
hybrid_phase1_2,12,0,1.0,1.0,True,0.011120796203613281,E10_real_variance,CNOT_chain,7,12,7,4,442,12
template_phase2b,12,12,0.0,1.0,True,0.0,E10_real_variance,CNOT_chain,7,12,7,4,442,12
greedy_phase1,11,11,0.0,0.9999999999999979,True,0.0,E10_real_variance,BV,4,6,3,0,42,11
commutation_phase2,11,11,0.0,0.9999999999999979,True,0.0,E10_real_variance,BV,4,6,3,0,42,11
hybrid_phase1_2,11,11,0.0,0.9999999999999979,True,0.0051233768463134766,E10_real_variance,BV,4,6,3,0,42,11
template_phase2b,11,5,0.5454545454545454,0.9999999999999988,True,0.004858493804931641,E10_real_variance,BV,4,6,3,0,42,11
greedy_phase1,11,11,0.0,0.9999999999999979,True,0.0,E10_real_variance,BV,4,6,3,1,142,11
commutation_phase2,11,11,0.0,0.9999999999999979,True,0.0005373954772949219,E10_real_variance,BV,4,6,3,1,142,11
hybrid_phase1_2,11,11,0.0,0.9999999999999979,True,0.004758596420288086,E10_real_variance,BV,4,6,3,1,142,11
template_phase2b,11,5,0.5454545454545454,0.9999999999999988,True,0.0010864734649658203,E10_real_variance,BV,4,6,3,1,142,11
greedy_phase1,11,11,0.0,0.9999999999999979,True,0.0,E10_real_variance,BV,4,6,3,2,242,11
commutation_phase2,11,11,0.0,0.9999999999999979,True,0.0010056495666503906,E10_real_variance,BV,4,6,3,2,242,11
hybrid_phase1_2,11,11,0.0,0.9999999999999979,True,0.004999876022338867,E10_real_variance,BV,4,6,3,2,242,11
template_phase2b,11,5,0.5454545454545454,0.9999999999999988,True,0.0009903907775878906,E10_real_variance,BV,4,6,3,2,242,11
greedy_phase1,11,11,0.0,0.9999999999999979,True,0.0,E10_real_variance,BV,4,6,3,3,342,11
commutation_phase2,11,11,0.0,0.9999999999999979,True,0.0,E10_real_variance,BV,4,6,3,3,342,11
hybrid_phase1_2,11,11,0.0,0.9999999999999979,True,0.00528717041015625,E10_real_variance,BV,4,6,3,3,342,11
template_phase2b,11,5,0.5454545454545454,0.9999999999999988,True,0.0009946823120117188,E10_real_variance,BV,4,6,3,3,342,11
greedy_phase1,11,11,0.0,0.9999999999999979,True,0.0,E10_real_variance,BV,4,6,3,4,442,11
commutation_phase2,11,11,0.0,0.9999999999999979,True,0.0,E10_real_variance,BV,4,6,3,4,442,11
hybrid_phase1_2,11,11,0.0,0.9999999999999979,True,0.005063772201538086,E10_real_variance,BV,4,6,3,4,442,11
template_phase2b,11,5,0.5454545454545454,0.9999999999999988,True,0.0010042190551757812,E10_real_variance,BV,4,6,3,4,442,11
greedy_phase1,14,14,0.0,0.999999999999997,True,0.0,E10_real_variance,BV,5,7,4,0,42,14
commutation_phase2,14,14,0.0,0.999999999999997,True,0.0009968280792236328,E10_real_variance,BV,5,7,4,0,42,14
hybrid_phase1_2,14,14,0.0,0.999999999999997,True,0.0070171356201171875,E10_real_variance,BV,5,7,4,0,42,14
template_phase2b,14,6,0.5714285714285714,0.9999999999999984,True,0.0020003318786621094,E10_real_variance,BV,5,7,4,0,42,14
greedy_phase1,14,14,0.0,0.999999999999997,True,0.0,E10_real_variance,BV,5,7,4,1,142,14
commutation_phase2,14,14,0.0,0.999999999999997,True,0.0,E10_real_variance,BV,5,7,4,1,142,14
hybrid_phase1_2,14,14,0.0,0.999999999999997,True,0.007010221481323242,E10_real_variance,BV,5,7,4,1,142,14
template_phase2b,14,6,0.5714285714285714,0.9999999999999984,True,0.0009553432464599609,E10_real_variance,BV,5,7,4,1,142,14
greedy_phase1,14,14,0.0,0.999999999999997,True,0.0,E10_real_variance,BV,5,7,4,2,242,14
commutation_phase2,14,14,0.0,0.999999999999997,True,0.0010144710540771484,E10_real_variance,BV,5,7,4,2,242,14
hybrid_phase1_2,14,14,0.0,0.999999999999997,True,0.006081104278564453,E10_real_variance,BV,5,7,4,2,242,14
template_phase2b,14,6,0.5714285714285714,0.9999999999999984,True,0.0019905567169189453,E10_real_variance,BV,5,7,4,2,242,14
greedy_phase1,14,14,0.0,0.999999999999997,True,0.0,E10_real_variance,BV,5,7,4,3,342,14
commutation_phase2,14,14,0.0,0.999999999999997,True,0.0010192394256591797,E10_real_variance,BV,5,7,4,3,342,14
hybrid_phase1_2,14,14,0.0,0.999999999999997,True,0.004998922348022461,E10_real_variance,BV,5,7,4,3,342,14
template_phase2b,14,6,0.5714285714285714,0.9999999999999984,True,0.0019953250885009766,E10_real_variance,BV,5,7,4,3,342,14
greedy_phase1,14,14,0.0,0.999999999999997,True,0.0,E10_real_variance,BV,5,7,4,4,442,14
commutation_phase2,14,14,0.0,0.999999999999997,True,0.0,E10_real_variance,BV,5,7,4,4,442,14
hybrid_phase1_2,14,14,0.0,0.999999999999997,True,0.005988597869873047,E10_real_variance,BV,5,7,4,4,442,14
template_phase2b,14,6,0.5714285714285714,0.9999999999999984,True,0.0020380020141601562,E10_real_variance,BV,5,7,4,4,442,14
greedy_phase1,17,17,0.0,0.9999999999999964,True,0.0,E10_real_variance,BV,6,8,5,0,42,17
commutation_phase2,17,17,0.0,0.9999999999999964,True,0.0,E10_real_variance,BV,6,8,5,0,42,17
hybrid_phase1_2,17,17,0.0,0.9999999999999964,True,0.011738777160644531,E10_real_variance,BV,6,8,5,0,42,17
template_phase2b,17,11,0.3529411764705882,0.9999999999999971,True,0.02145242691040039,E10_real_variance,BV,6,8,5,0,42,17
greedy_phase1,17,17,0.0,0.9999999999999964,True,0.0,E10_real_variance,BV,6,8,5,1,142,17
commutation_phase2,17,17,0.0,0.9999999999999964,True,0.0,E10_real_variance,BV,6,8,5,1,142,17
hybrid_phase1_2,17,17,0.0,0.9999999999999964,True,0.010438680648803711,E10_real_variance,BV,6,8,5,1,142,17
template_phase2b,17,11,0.3529411764705882,0.9999999999999971,True,0.020415067672729492,E10_real_variance,BV,6,8,5,1,142,17
greedy_phase1,17,17,0.0,0.9999999999999964,True,0.0,E10_real_variance,BV,6,8,5,2,242,17
commutation_phase2,17,17,0.0,0.9999999999999964,True,0.0,E10_real_variance,BV,6,8,5,2,242,17
hybrid_phase1_2,17,17,0.0,0.9999999999999964,True,0.010872125625610352,E10_real_variance,BV,6,8,5,2,242,17
template_phase2b,17,11,0.3529411764705882,0.9999999999999971,True,0.019913196563720703,E10_real_variance,BV,6,8,5,2,242,17
greedy_phase1,17,17,0.0,0.9999999999999964,True,0.0,E10_real_variance,BV,6,8,5,3,342,17
commutation_phase2,17,17,0.0,0.9999999999999964,True,0.001058816909790039,E10_real_variance,BV,6,8,5,3,342,17
hybrid_phase1_2,17,17,0.0,0.9999999999999964,True,0.009103775024414062,E10_real_variance,BV,6,8,5,3,342,17
template_phase2b,17,11,0.3529411764705882,0.9999999999999971,True,0.018470048904418945,E10_real_variance,BV,6,8,5,3,342,17
greedy_phase1,17,17,0.0,0.9999999999999964,True,0.000896453857421875,E10_real_variance,BV,6,8,5,4,442,17
commutation_phase2,17,17,0.0,0.9999999999999964,True,0.0010802745819091797,E10_real_variance,BV,6,8,5,4,442,17
hybrid_phase1_2,17,17,0.0,0.9999999999999964,True,0.010107994079589844,E10_real_variance,BV,6,8,5,4,442,17
template_phase2b,17,11,0.3529411764705882,0.9999999999999971,True,0.018909215927124023,E10_real_variance,BV,6,8,5,4,442,17
greedy_phase1,20,20,0.0,0.9999999999999962,True,0.0,E10_real_variance,BV,7,9,6,0,42,20
commutation_phase2,20,20,0.0,0.9999999999999962,True,0.0,E10_real_variance,BV,7,9,6,0,42,20
hybrid_phase1_2,20,20,0.0,0.9999999999999962,True,0.025090456008911133,E10_real_variance,BV,7,9,6,0,42,20
template_phase2b,20,16,0.19999999999999996,0.9999999999999964,True,0.036107540130615234,E10_real_variance,BV,7,9,6,0,42,20
greedy_phase1,20,20,0.0,0.9999999999999962,True,0.0009992122650146484,E10_real_variance,BV,7,9,6,1,142,20
commutation_phase2,20,20,0.0,0.9999999999999962,True,0.0009503364562988281,E10_real_variance,BV,7,9,6,1,142,20
hybrid_phase1_2,20,20,0.0,0.9999999999999962,True,0.024005651473999023,E10_real_variance,BV,7,9,6,1,142,20
template_phase2b,20,16,0.19999999999999996,0.9999999999999964,True,0.035251617431640625,E10_real_variance,BV,7,9,6,1,142,20
greedy_phase1,20,20,0.0,0.9999999999999962,True,0.0,E10_real_variance,BV,7,9,6,2,242,20
commutation_phase2,20,20,0.0,0.9999999999999962,True,0.0,E10_real_variance,BV,7,9,6,2,242,20
hybrid_phase1_2,20,20,0.0,0.9999999999999962,True,0.024001359939575195,E10_real_variance,BV,7,9,6,2,242,20
template_phase2b,20,16,0.19999999999999996,0.9999999999999964,True,0.034590721130371094,E10_real_variance,BV,7,9,6,2,242,20
greedy_phase1,20,20,0.0,0.9999999999999962,True,0.0009999275207519531,E10_real_variance,BV,7,9,6,3,342,20
commutation_phase2,20,20,0.0,0.9999999999999962,True,0.0009968280792236328,E10_real_variance,BV,7,9,6,3,342,20
hybrid_phase1_2,20,20,0.0,0.9999999999999962,True,0.024689435958862305,E10_real_variance,BV,7,9,6,3,342,20
template_phase2b,20,16,0.19999999999999996,0.9999999999999964,True,0.03444957733154297,E10_real_variance,BV,7,9,6,3,342,20
greedy_phase1,20,20,0.0,0.9999999999999962,True,0.0,E10_real_variance,BV,7,9,6,4,442,20
commutation_phase2,20,20,0.0,0.9999999999999962,True,0.0005233287811279297,E10_real_variance,BV,7,9,6,4,442,20
hybrid_phase1_2,20,20,0.0,0.9999999999999962,True,0.024477481842041016,E10_real_variance,BV,7,9,6,4,442,20
template_phase2b,20,16,0.19999999999999996,0.9999999999999964,True,0.03327345848083496,E10_real_variance,BV,7,9,6,4,442,20
greedy_phase1,23,23,0.0,0.9999999999999958,True,0.001005411148071289,E10_real_variance,BV,8,10,7,0,42,23
commutation_phase2,23,23,0.0,0.9999999999999958,True,0.0009999275207519531,E10_real_variance,BV,8,10,7,0,42,23
hybrid_phase1_2,23,23,0.0,0.9999999999999958,True,0.11308169364929199,E10_real_variance,BV,8,10,7,0,42,23
template_phase2b,23,21,0.08695652173913049,0.9999999999999962,True,0.05101776123046875,E10_real_variance,BV,8,10,7,0,42,23
greedy_phase1,23,23,0.0,0.9999999999999958,True,0.0,E10_real_variance,BV,8,10,7,1,142,23
commutation_phase2,23,23,0.0,0.9999999999999958,True,0.0009987354278564453,E10_real_variance,BV,8,10,7,1,142,23
hybrid_phase1_2,23,23,0.0,0.9999999999999958,True,0.11252093315124512,E10_real_variance,BV,8,10,7,1,142,23
template_phase2b,23,21,0.08695652173913049,0.9999999999999962,True,0.05006265640258789,E10_real_variance,BV,8,10,7,1,142,23
greedy_phase1,23,23,0.0,0.9999999999999958,True,0.0,E10_real_variance,BV,8,10,7,2,242,23
commutation_phase2,23,23,0.0,0.9999999999999958,True,0.0010037422180175781,E10_real_variance,BV,8,10,7,2,242,23
hybrid_phase1_2,23,23,0.0,0.9999999999999958,True,0.12044548988342285,E10_real_variance,BV,8,10,7,2,242,23
template_phase2b,23,21,0.08695652173913049,0.9999999999999962,True,0.04946136474609375,E10_real_variance,BV,8,10,7,2,242,23
greedy_phase1,23,23,0.0,0.9999999999999958,True,0.0,E10_real_variance,BV,8,10,7,3,342,23
commutation_phase2,23,23,0.0,0.9999999999999958,True,0.0010762214660644531,E10_real_variance,BV,8,10,7,3,342,23
hybrid_phase1_2,23,23,0.0,0.9999999999999958,True,0.10913777351379395,E10_real_variance,BV,8,10,7,3,342,23
template_phase2b,23,21,0.08695652173913049,0.9999999999999962,True,0.05071520805358887,E10_real_variance,BV,8,10,7,3,342,23
greedy_phase1,23,23,0.0,0.9999999999999958,True,0.001005411148071289,E10_real_variance,BV,8,10,7,4,442,23
commutation_phase2,23,23,0.0,0.9999999999999958,True,0.0,E10_real_variance,BV,8,10,7,4,442,23
hybrid_phase1_2,23,23,0.0,0.9999999999999958,True,0.11052227020263672,E10_real_variance,BV,8,10,7,4,442,23
template_phase2b,23,21,0.08695652173913049,0.9999999999999962,True,0.04950451850891113,E10_real_variance,BV,8,10,7,4,442,23
greedy_phase1,21,21,0.0,0.9999999999999996,True,0.0,E10_real_variance,QAOA,3,15,3,0,42,21
commutation_phase2,21,21,0.0,0.9999999999999996,True,0.0010352134704589844,E10_real_variance,QAOA,3,15,3,0,42,21
hybrid_phase1_2,21,21,0.0,0.9999999999999996,True,0.010294198989868164,E10_real_variance,QAOA,3,15,3,0,42,21
template_phase2b,21,21,0.0,0.9999999999999996,True,0.032621145248413086,E10_real_variance,QAOA,3,15,3,0,42,21
greedy_phase1,21,21,0.0,0.9999999999999996,True,0.0009922981262207031,E10_real_variance,QAOA,3,15,3,1,142,21
commutation_phase2,21,21,0.0,0.9999999999999996,True,0.0,E10_real_variance,QAOA,3,15,3,1,142,21
hybrid_phase1_2,21,21,0.0,0.9999999999999996,True,0.010904788970947266,E10_real_variance,QAOA,3,15,3,1,142,21
template_phase2b,21,21,0.0,0.9999999999999996,True,0.033174991607666016,E10_real_variance,QAOA,3,15,3,1,142,21
greedy_phase1,21,21,0.0,0.9999999999999996,True,0.0,E10_real_variance,QAOA,3,15,3,2,242,21
commutation_phase2,21,21,0.0,0.9999999999999996,True,0.0010046958923339844,E10_real_variance,QAOA,3,15,3,2,242,21
hybrid_phase1_2,21,21,0.0,0.9999999999999996,True,0.008697032928466797,E10_real_variance,QAOA,3,15,3,2,242,21
template_phase2b,21,21,0.0,0.9999999999999996,True,0.03300118446350098,E10_real_variance,QAOA,3,15,3,2,242,21
greedy_phase1,21,21,0.0,0.9999999999999996,True,0.0,E10_real_variance,QAOA,3,15,3,3,342,21
commutation_phase2,21,21,0.0,0.9999999999999996,True,0.001093149185180664,E10_real_variance,QAOA,3,15,3,3,342,21
hybrid_phase1_2,21,21,0.0,0.9999999999999996,True,0.009908199310302734,E10_real_variance,QAOA,3,15,3,3,342,21
template_phase2b,21,21,0.0,0.9999999999999996,True,0.03551840782165527,E10_real_variance,QAOA,3,15,3,3,342,21
greedy_phase1,21,21,0.0,0.9999999999999996,True,0.0,E10_real_variance,QAOA,3,15,3,4,442,21
commutation_phase2,21,21,0.0,0.9999999999999996,True,0.001020193099975586,E10_real_variance,QAOA,3,15,3,4,442,21
hybrid_phase1_2,21,21,0.0,0.9999999999999996,True,0.009950637817382812,E10_real_variance,QAOA,3,15,3,4,442,21
template_phase2b,21,21,0.0,0.9999999999999996,True,0.0380711555480957,E10_real_variance,QAOA,3,15,3,4,442,21
greedy_phase1,30,30,0.0,0.9999999999999991,True,0.0010008811950683594,E10_real_variance,QAOA,4,18,4,0,42,30
commutation_phase2,30,30,0.0,0.9999999999999991,True,0.0010027885437011719,E10_real_variance,QAOA,4,18,4,0,42,30
hybrid_phase1_2,30,30,0.0,0.9999999999999991,True,0.013099908828735352,E10_real_variance,QAOA,4,18,4,0,42,30
template_phase2b,30,30,0.0,0.9999999999999996,True,0.041599273681640625,E10_real_variance,QAOA,4,18,4,0,42,30
greedy_phase1,30,30,0.0,0.9999999999999991,True,0.0010132789611816406,E10_real_variance,QAOA,4,18,4,1,142,30
commutation_phase2,30,30,0.0,0.9999999999999991,True,0.0009958744049072266,E10_real_variance,QAOA,4,18,4,1,142,30
hybrid_phase1_2,30,30,0.0,0.9999999999999991,True,0.013428211212158203,E10_real_variance,QAOA,4,18,4,1,142,30
template_phase2b,30,30,0.0,0.9999999999999996,True,0.0436091423034668,E10_real_variance,QAOA,4,18,4,1,142,30
greedy_phase1,30,30,0.0,0.9999999999999991,True,0.0,E10_real_variance,QAOA,4,18,4,2,242,30
commutation_phase2,30,30,0.0,0.9999999999999991,True,0.0010039806365966797,E10_real_variance,QAOA,4,18,4,2,242,30
hybrid_phase1_2,30,30,0.0,0.9999999999999991,True,0.014903068542480469,E10_real_variance,QAOA,4,18,4,2,242,30
template_phase2b,30,30,0.0,0.9999999999999996,True,0.041298627853393555,E10_real_variance,QAOA,4,18,4,2,242,30
greedy_phase1,30,30,0.0,0.9999999999999991,True,0.0,E10_real_variance,QAOA,4,18,4,3,342,30
commutation_phase2,30,30,0.0,0.9999999999999991,True,0.0009775161743164062,E10_real_variance,QAOA,4,18,4,3,342,30
hybrid_phase1_2,30,30,0.0,0.9999999999999991,True,0.01210165023803711,E10_real_variance,QAOA,4,18,4,3,342,30
template_phase2b,30,30,0.0,0.9999999999999996,True,0.04390835762023926,E10_real_variance,QAOA,4,18,4,3,342,30
greedy_phase1,30,30,0.0,0.9999999999999991,True,0.0,E10_real_variance,QAOA,4,18,4,4,442,30
commutation_phase2,30,30,0.0,0.9999999999999991,True,0.0010008811950683594,E10_real_variance,QAOA,4,18,4,4,442,30
hybrid_phase1_2,30,30,0.0,0.9999999999999991,True,0.014007806777954102,E10_real_variance,QAOA,4,18,4,4,442,30
template_phase2b,30,30,0.0,0.9999999999999996,True,0.04277920722961426,E10_real_variance,QAOA,4,18,4,4,442,30
greedy_phase1,39,39,0.0,0.9999999999999989,True,0.0,E10_real_variance,QAOA,5,21,5,0,42,39
commutation_phase2,39,39,0.0,0.9999999999999989,True,0.0009951591491699219,E10_real_variance,QAOA,5,21,5,0,42,39
hybrid_phase1_2,39,39,0.0,0.9999999999999989,True,0.01999974250793457,E10_real_variance,QAOA,5,21,5,0,42,39
template_phase2b,39,39,0.0,0.9999999999999991,True,0.053696632385253906,E10_real_variance,QAOA,5,21,5,0,42,39
greedy_phase1,39,39,0.0,0.9999999999999989,True,0.0009982585906982422,E10_real_variance,QAOA,5,21,5,1,142,39
commutation_phase2,39,39,0.0,0.9999999999999989,True,0.0009922981262207031,E10_real_variance,QAOA,5,21,5,1,142,39
hybrid_phase1_2,39,39,0.0,0.9999999999999989,True,0.019956588745117188,E10_real_variance,QAOA,5,21,5,1,142,39
template_phase2b,39,39,0.0,0.9999999999999991,True,0.05251264572143555,E10_real_variance,QAOA,5,21,5,1,142,39
greedy_phase1,39,39,0.0,0.9999999999999989,True,0.0010004043579101562,E10_real_variance,QAOA,5,21,5,2,242,39
commutation_phase2,39,39,0.0,0.9999999999999989,True,0.0010802745819091797,E10_real_variance,QAOA,5,21,5,2,242,39
hybrid_phase1_2,39,39,0.0,0.9999999999999989,True,0.01891303062438965,E10_real_variance,QAOA,5,21,5,2,242,39
template_phase2b,39,39,0.0,0.9999999999999991,True,0.050606727600097656,E10_real_variance,QAOA,5,21,5,2,242,39
greedy_phase1,39,39,0.0,0.9999999999999989,True,0.0009958744049072266,E10_real_variance,QAOA,5,21,5,3,342,39
commutation_phase2,39,39,0.0,0.9999999999999989,True,0.0019991397857666016,E10_real_variance,QAOA,5,21,5,3,342,39
hybrid_phase1_2,39,39,0.0,0.9999999999999989,True,0.020000696182250977,E10_real_variance,QAOA,5,21,5,3,342,39
template_phase2b,39,39,0.0,0.9999999999999991,True,0.05351591110229492,E10_real_variance,QAOA,5,21,5,3,342,39
greedy_phase1,39,39,0.0,0.9999999999999989,True,0.0009996891021728516,E10_real_variance,QAOA,5,21,5,4,442,39
commutation_phase2,39,39,0.0,0.9999999999999989,True,0.0010001659393310547,E10_real_variance,QAOA,5,21,5,4,442,39
hybrid_phase1_2,39,39,0.0,0.9999999999999989,True,0.018999099731445312,E10_real_variance,QAOA,5,21,5,4,442,39
template_phase2b,39,39,0.0,0.9999999999999991,True,0.0539095401763916,E10_real_variance,QAOA,5,21,5,4,442,39
greedy_phase1,48,48,0.0,0.9999999999999996,True,0.0009953975677490234,E10_real_variance,QAOA,6,24,6,0,42,48
commutation_phase2,48,48,0.0,0.9999999999999996,True,0.0020029544830322266,E10_real_variance,QAOA,6,24,6,0,42,48
hybrid_phase1_2,48,48,0.0,0.9999999999999996,True,0.030368328094482422,E10_real_variance,QAOA,6,24,6,0,42,48
template_phase2b,48,48,0.0,1.0,True,0.060410261154174805,E10_real_variance,QAOA,6,24,6,0,42,48
greedy_phase1,48,48,0.0,0.9999999999999996,True,0.0010483264923095703,E10_real_variance,QAOA,6,24,6,1,142,48
commutation_phase2,48,48,0.0,0.9999999999999996,True,0.003013134002685547,E10_real_variance,QAOA,6,24,6,1,142,48
hybrid_phase1_2,48,48,0.0,0.9999999999999996,True,0.03352642059326172,E10_real_variance,QAOA,6,24,6,1,142,48
template_phase2b,48,48,0.0,1.0,True,0.06020617485046387,E10_real_variance,QAOA,6,24,6,1,142,48
greedy_phase1,48,48,0.0,0.9999999999999996,True,0.001264333724975586,E10_real_variance,QAOA,6,24,6,2,242,48
commutation_phase2,48,48,0.0,0.9999999999999996,True,0.002003908157348633,E10_real_variance,QAOA,6,24,6,2,242,48
hybrid_phase1_2,48,48,0.0,0.9999999999999996,True,0.029904603958129883,E10_real_variance,QAOA,6,24,6,2,242,48
template_phase2b,48,48,0.0,1.0,True,0.06259822845458984,E10_real_variance,QAOA,6,24,6,2,242,48
greedy_phase1,48,48,0.0,0.9999999999999996,True,0.0,E10_real_variance,QAOA,6,24,6,3,342,48
commutation_phase2,48,48,0.0,0.9999999999999996,True,0.0019974708557128906,E10_real_variance,QAOA,6,24,6,3,342,48
hybrid_phase1_2,48,48,0.0,0.9999999999999996,True,0.030283451080322266,E10_real_variance,QAOA,6,24,6,3,342,48
template_phase2b,48,48,0.0,1.0,True,0.06260347366333008,E10_real_variance,QAOA,6,24,6,3,342,48
greedy_phase1,48,48,0.0,0.9999999999999996,True,0.0,E10_real_variance,QAOA,6,24,6,4,442,48
commutation_phase2,48,48,0.0,0.9999999999999996,True,0.001997709274291992,E10_real_variance,QAOA,6,24,6,4,442,48
hybrid_phase1_2,48,48,0.0,0.9999999999999996,True,0.02945232391357422,E10_real_variance,QAOA,6,24,6,4,442,48
template_phase2b,48,48,0.0,1.0,True,0.05990743637084961,E10_real_variance,QAOA,6,24,6,4,442,48
greedy_phase1,57,57,0.0,0.9999999999999996,True,0.0010881423950195312,E10_real_variance,QAOA,7,27,7,0,42,57
commutation_phase2,57,57,0.0,0.9999999999999996,True,0.001970052719116211,E10_real_variance,QAOA,7,27,7,0,42,57
hybrid_phase1_2,57,57,0.0,0.9999999999999996,True,0.0666203498840332,E10_real_variance,QAOA,7,27,7,0,42,57
template_phase2b,57,57,0.0,0.9999999999999996,True,0.07879161834716797,E10_real_variance,QAOA,7,27,7,0,42,57
greedy_phase1,57,57,0.0,0.9999999999999996,True,0.0,E10_real_variance,QAOA,7,27,7,1,142,57
commutation_phase2,57,57,0.0,0.9999999999999996,True,0.0029973983764648438,E10_real_variance,QAOA,7,27,7,1,142,57
hybrid_phase1_2,57,57,0.0,0.9999999999999996,True,0.06853413581848145,E10_real_variance,QAOA,7,27,7,1,142,57
template_phase2b,57,57,0.0,0.9999999999999996,True,0.07702112197875977,E10_real_variance,QAOA,7,27,7,1,142,57
greedy_phase1,57,57,0.0,0.9999999999999996,True,0.0,E10_real_variance,QAOA,7,27,7,2,242,57
commutation_phase2,57,57,0.0,0.9999999999999996,True,0.001998424530029297,E10_real_variance,QAOA,7,27,7,2,242,57
hybrid_phase1_2,57,57,0.0,0.9999999999999996,True,0.06965279579162598,E10_real_variance,QAOA,7,27,7,2,242,57
template_phase2b,57,57,0.0,0.9999999999999996,True,0.0780029296875,E10_real_variance,QAOA,7,27,7,2,242,57
greedy_phase1,57,57,0.0,0.9999999999999996,True,0.0009999275207519531,E10_real_variance,QAOA,7,27,7,3,342,57
commutation_phase2,57,57,0.0,0.9999999999999996,True,0.002998828887939453,E10_real_variance,QAOA,7,27,7,3,342,57
hybrid_phase1_2,57,57,0.0,0.9999999999999996,True,0.0675208568572998,E10_real_variance,QAOA,7,27,7,3,342,57
template_phase2b,57,57,0.0,0.9999999999999996,True,0.0756838321685791,E10_real_variance,QAOA,7,27,7,3,342,57
greedy_phase1,57,57,0.0,0.9999999999999996,True,0.0,E10_real_variance,QAOA,7,27,7,4,442,57
commutation_phase2,57,57,0.0,0.9999999999999996,True,0.0030975341796875,E10_real_variance,QAOA,7,27,7,4,442,57
hybrid_phase1_2,57,57,0.0,0.9999999999999996,True,0.061431169509887695,E10_real_variance,QAOA,7,27,7,4,442,57
template_phase2b,57,57,0.0,0.9999999999999996,True,0.0768592357635498,E10_real_variance,QAOA,7,27,7,4,442,57
greedy_phase1,22,22,0.0,0.9999999999999992,True,0.0005693435668945312,E10_real_variance,VQE,3,10,3,0,42,22
commutation_phase2,22,22,0.0,0.9999999999999992,True,0.0011320114135742188,E10_real_variance,VQE,3,10,3,0,42,22
hybrid_phase1_2,22,22,0.0,0.9999999999999992,True,0.010004043579101562,E10_real_variance,VQE,3,10,3,0,42,22
template_phase2b,22,22,0.0,0.9999999999999992,True,0.0009999275207519531,E10_real_variance,VQE,3,10,3,0,42,22
greedy_phase1,22,22,0.0,0.9999999999999992,True,0.0,E10_real_variance,VQE,3,10,3,1,142,22
commutation_phase2,22,22,0.0,0.9999999999999992,True,0.0010943412780761719,E10_real_variance,VQE,3,10,3,1,142,22
hybrid_phase1_2,22,22,0.0,0.9999999999999992,True,0.010011434555053711,E10_real_variance,VQE,3,10,3,1,142,22
template_phase2b,22,22,0.0,0.9999999999999992,True,0.0,E10_real_variance,VQE,3,10,3,1,142,22
greedy_phase1,22,22,0.0,0.9999999999999992,True,0.0,E10_real_variance,VQE,3,10,3,2,242,22
commutation_phase2,22,22,0.0,0.9999999999999992,True,0.001905202865600586,E10_real_variance,VQE,3,10,3,2,242,22
hybrid_phase1_2,22,22,0.0,0.9999999999999992,True,0.009999513626098633,E10_real_variance,VQE,3,10,3,2,242,22
template_phase2b,22,22,0.0,0.9999999999999992,True,0.0,E10_real_variance,VQE,3,10,3,2,242,22
greedy_phase1,22,22,0.0,0.9999999999999992,True,0.0,E10_real_variance,VQE,3,10,3,3,342,22
commutation_phase2,22,22,0.0,0.9999999999999992,True,0.0009996891021728516,E10_real_variance,VQE,3,10,3,3,342,22
hybrid_phase1_2,22,22,0.0,0.9999999999999992,True,0.01000070571899414,E10_real_variance,VQE,3,10,3,3,342,22
template_phase2b,22,22,0.0,0.9999999999999992,True,0.0,E10_real_variance,VQE,3,10,3,3,342,22
greedy_phase1,22,22,0.0,0.9999999999999992,True,0.0,E10_real_variance,VQE,3,10,3,4,442,22
commutation_phase2,22,22,0.0,0.9999999999999992,True,0.0010006427764892578,E10_real_variance,VQE,3,10,3,4,442,22
hybrid_phase1_2,22,22,0.0,0.9999999999999992,True,0.010998964309692383,E10_real_variance,VQE,3,10,3,4,442,22
template_phase2b,22,22,0.0,0.9999999999999992,True,0.0,E10_real_variance,VQE,3,10,3,4,442,22
greedy_phase1,30,30,0.0,1.0,True,0.000993490219116211,E10_real_variance,VQE,4,11,4,0,42,30
commutation_phase2,30,30,0.0,1.0,True,0.001016378402709961,E10_real_variance,VQE,4,11,4,0,42,30
hybrid_phase1_2,30,30,0.0,1.0,True,0.013008356094360352,E10_real_variance,VQE,4,11,4,0,42,30
template_phase2b,30,30,0.0,1.0,True,0.000995635986328125,E10_real_variance,VQE,4,11,4,0,42,30
greedy_phase1,30,30,0.0,1.0,True,0.0,E10_real_variance,VQE,4,11,4,1,142,30
commutation_phase2,30,30,0.0,1.0,True,0.0009942054748535156,E10_real_variance,VQE,4,11,4,1,142,30
hybrid_phase1_2,30,30,0.0,1.0,True,0.014007806777954102,E10_real_variance,VQE,4,11,4,1,142,30
template_phase2b,30,30,0.0,1.0,True,0.0,E10_real_variance,VQE,4,11,4,1,142,30
greedy_phase1,30,30,0.0,1.0,True,0.0009975433349609375,E10_real_variance,VQE,4,11,4,2,242,30
commutation_phase2,30,30,0.0,1.0,True,0.0020189285278320312,E10_real_variance,VQE,4,11,4,2,242,30
hybrid_phase1_2,30,30,0.0,1.0,True,0.015085458755493164,E10_real_variance,VQE,4,11,4,2,242,30
template_phase2b,30,30,0.0,1.0,True,0.0009984970092773438,E10_real_variance,VQE,4,11,4,2,242,30
greedy_phase1,30,30,0.0,1.0,True,0.0,E10_real_variance,VQE,4,11,4,3,342,30
commutation_phase2,30,30,0.0,1.0,True,0.0009872913360595703,E10_real_variance,VQE,4,11,4,3,342,30
hybrid_phase1_2,30,30,0.0,1.0,True,0.013993978500366211,E10_real_variance,VQE,4,11,4,3,342,30
template_phase2b,30,30,0.0,1.0,True,0.0,E10_real_variance,VQE,4,11,4,3,342,30
greedy_phase1,30,30,0.0,1.0,True,0.0,E10_real_variance,VQE,4,11,4,4,442,30
commutation_phase2,30,30,0.0,1.0,True,0.002018451690673828,E10_real_variance,VQE,4,11,4,4,442,30
hybrid_phase1_2,30,30,0.0,1.0,True,0.013473033905029297,E10_real_variance,VQE,4,11,4,4,442,30
template_phase2b,30,30,0.0,1.0,True,0.0009715557098388672,E10_real_variance,VQE,4,11,4,4,442,30
greedy_phase1,38,38,0.0,0.9999999999999996,True,0.0,E10_real_variance,VQE,5,12,5,0,42,38
commutation_phase2,38,38,0.0,0.9999999999999996,True,0.0010099411010742188,E10_real_variance,VQE,5,12,5,0,42,38
hybrid_phase1_2,38,38,0.0,0.9999999999999996,True,0.019505977630615234,E10_real_variance,VQE,5,12,5,0,42,38
template_phase2b,38,38,0.0,0.9999999999999996,True,0.0010008811950683594,E10_real_variance,VQE,5,12,5,0,42,38
greedy_phase1,38,38,0.0,0.9999999999999996,True,0.0010001659393310547,E10_real_variance,VQE,5,12,5,1,142,38
commutation_phase2,38,38,0.0,0.9999999999999996,True,0.001999378204345703,E10_real_variance,VQE,5,12,5,1,142,38
hybrid_phase1_2,38,38,0.0,0.9999999999999996,True,0.019814252853393555,E10_real_variance,VQE,5,12,5,1,142,38
template_phase2b,38,38,0.0,0.9999999999999996,True,0.0009856224060058594,E10_real_variance,VQE,5,12,5,1,142,38
greedy_phase1,38,38,0.0,0.9999999999999996,True,0.0009920597076416016,E10_real_variance,VQE,5,12,5,2,242,38
commutation_phase2,38,38,0.0,0.9999999999999996,True,0.001980304718017578,E10_real_variance,VQE,5,12,5,2,242,38
hybrid_phase1_2,38,38,0.0,0.9999999999999996,True,0.019104719161987305,E10_real_variance,VQE,5,12,5,2,242,38
template_phase2b,38,38,0.0,0.9999999999999996,True,0.00099945068359375,E10_real_variance,VQE,5,12,5,2,242,38
greedy_phase1,38,38,0.0,0.9999999999999996,True,0.0,E10_real_variance,VQE,5,12,5,3,342,38
commutation_phase2,38,38,0.0,0.9999999999999996,True,0.0010030269622802734,E10_real_variance,VQE,5,12,5,3,342,38
hybrid_phase1_2,38,38,0.0,0.9999999999999996,True,0.01999664306640625,E10_real_variance,VQE,5,12,5,3,342,38
template_phase2b,38,38,0.0,0.9999999999999996,True,0.001001119613647461,E10_real_variance,VQE,5,12,5,3,342,38
greedy_phase1,38,38,0.0,0.9999999999999996,True,0.0010004043579101562,E10_real_variance,VQE,5,12,5,4,442,38
commutation_phase2,38,38,0.0,0.9999999999999996,True,0.0019989013671875,E10_real_variance,VQE,5,12,5,4,442,38
hybrid_phase1_2,38,38,0.0,0.9999999999999996,True,0.020182132720947266,E10_real_variance,VQE,5,12,5,4,442,38
template_phase2b,38,38,0.0,0.9999999999999996,True,0.0,E10_real_variance,VQE,5,12,5,4,442,38
greedy_phase1,46,46,0.0,1.0,True,0.0,E10_real_variance,VQE,6,13,6,0,42,46
commutation_phase2,46,46,0.0,1.0,True,0.0019969940185546875,E10_real_variance,VQE,6,13,6,0,42,46
hybrid_phase1_2,46,46,0.0,1.0,True,0.02954554557800293,E10_real_variance,VQE,6,13,6,0,42,46
template_phase2b,46,46,0.0,1.0,True,0.0,E10_real_variance,VQE,6,13,6,0,42,46
greedy_phase1,46,46,0.0,1.0,True,0.0009992122650146484,E10_real_variance,VQE,6,13,6,1,142,46
commutation_phase2,46,46,0.0,1.0,True,0.002002239227294922,E10_real_variance,VQE,6,13,6,1,142,46
hybrid_phase1_2,46,46,0.0,1.0,True,0.0316011905670166,E10_real_variance,VQE,6,13,6,1,142,46
template_phase2b,46,46,0.0,1.0,True,0.0010154247283935547,E10_real_variance,VQE,6,13,6,1,142,46
greedy_phase1,46,46,0.0,1.0,True,0.0,E10_real_variance,VQE,6,13,6,2,242,46
commutation_phase2,46,46,0.0,1.0,True,0.001990795135498047,E10_real_variance,VQE,6,13,6,2,242,46
hybrid_phase1_2,46,46,0.0,1.0,True,0.028780460357666016,E10_real_variance,VQE,6,13,6,2,242,46
template_phase2b,46,46,0.0,1.0,True,0.0009982585906982422,E10_real_variance,VQE,6,13,6,2,242,46
greedy_phase1,46,46,0.0,1.0,True,0.0009903907775878906,E10_real_variance,VQE,6,13,6,3,342,46
commutation_phase2,46,46,0.0,1.0,True,0.0020241737365722656,E10_real_variance,VQE,6,13,6,3,342,46
hybrid_phase1_2,46,46,0.0,1.0,True,0.030103683471679688,E10_real_variance,VQE,6,13,6,3,342,46
template_phase2b,46,46,0.0,1.0,True,0.0,E10_real_variance,VQE,6,13,6,3,342,46
greedy_phase1,46,46,0.0,1.0,True,0.001009225845336914,E10_real_variance,VQE,6,13,6,4,442,46
commutation_phase2,46,46,0.0,1.0,True,0.0020020008087158203,E10_real_variance,VQE,6,13,6,4,442,46
hybrid_phase1_2,46,46,0.0,1.0,True,0.029125213623046875,E10_real_variance,VQE,6,13,6,4,442,46
template_phase2b,46,46,0.0,1.0,True,0.0010056495666503906,E10_real_variance,VQE,6,13,6,4,442,46
greedy_phase1,54,54,0.0,1.0,True,0.0010249614715576172,E10_real_variance,VQE,7,14,7,0,42,54
commutation_phase2,54,54,0.0,1.0,True,0.001997709274291992,E10_real_variance,VQE,7,14,7,0,42,54
hybrid_phase1_2,54,54,0.0,1.0,True,0.061570167541503906,E10_real_variance,VQE,7,14,7,0,42,54
template_phase2b,54,54,0.0,1.0,True,0.0010042190551757812,E10_real_variance,VQE,7,14,7,0,42,54
greedy_phase1,54,54,0.0,1.0,True,0.000965118408203125,E10_real_variance,VQE,7,14,7,1,142,54
commutation_phase2,54,54,0.0,1.0,True,0.0019910335540771484,E10_real_variance,VQE,7,14,7,1,142,54
hybrid_phase1_2,54,54,0.0,1.0,True,0.05920553207397461,E10_real_variance,VQE,7,14,7,1,142,54
template_phase2b,54,54,0.0,1.0,True,0.0010478496551513672,E10_real_variance,VQE,7,14,7,1,142,54
greedy_phase1,54,54,0.0,1.0,True,0.0009999275207519531,E10_real_variance,VQE,7,14,7,2,242,54
commutation_phase2,54,54,0.0,1.0,True,0.0020248889923095703,E10_real_variance,VQE,7,14,7,2,242,54
hybrid_phase1_2,54,54,0.0,1.0,True,0.06011772155761719,E10_real_variance,VQE,7,14,7,2,242,54
template_phase2b,54,54,0.0,1.0,True,0.0,E10_real_variance,VQE,7,14,7,2,242,54
greedy_phase1,54,54,0.0,1.0,True,0.0010223388671875,E10_real_variance,VQE,7,14,7,3,342,54
commutation_phase2,54,54,0.0,1.0,True,0.0030019283294677734,E10_real_variance,VQE,7,14,7,3,342,54
hybrid_phase1_2,54,54,0.0,1.0,True,0.06230664253234863,E10_real_variance,VQE,7,14,7,3,342,54
template_phase2b,54,54,0.0,1.0,True,0.0010137557983398438,E10_real_variance,VQE,7,14,7,3,342,54
greedy_phase1,54,54,0.0,1.0,True,0.0009999275207519531,E10_real_variance,VQE,7,14,7,4,442,54
commutation_phase2,54,54,0.0,1.0,True,0.00299835205078125,E10_real_variance,VQE,7,14,7,4,442,54
hybrid_phase1_2,54,54,0.0,1.0,True,0.06261515617370605,E10_real_variance,VQE,7,14,7,4,442,54
template_phase2b,54,54,0.0,1.0,True,0.0010745525360107422,E10_real_variance,VQE,7,14,7,4,442,54
greedy_phase1,33,33,0.0,0.9999999999999998,True,0.0010001659393310547,E10_real_variance,HardwareEfficient,3,15,3,0,42,33
commutation_phase2,33,33,0.0,0.9999999999999998,True,0.0019991397857666016,E10_real_variance,HardwareEfficient,3,15,3,0,42,33
hybrid_phase1_2,33,33,0.0,0.9999999999999998,True,0.01400446891784668,E10_real_variance,HardwareEfficient,3,15,3,0,42,33
template_phase2b,33,33,0.0,0.9999999999999998,True,0.0009965896606445312,E10_real_variance,HardwareEfficient,3,15,3,0,42,33
greedy_phase1,33,33,0.0,0.9999999999999998,True,0.0010175704956054688,E10_real_variance,HardwareEfficient,3,15,3,1,142,33
commutation_phase2,33,33,0.0,0.9999999999999998,True,0.0010123252868652344,E10_real_variance,HardwareEfficient,3,15,3,1,142,33
hybrid_phase1_2,33,33,0.0,0.9999999999999998,True,0.013911008834838867,E10_real_variance,HardwareEfficient,3,15,3,1,142,33
template_phase2b,33,33,0.0,0.9999999999999998,True,0.0,E10_real_variance,HardwareEfficient,3,15,3,1,142,33
greedy_phase1,33,33,0.0,0.9999999999999998,True,0.0010020732879638672,E10_real_variance,HardwareEfficient,3,15,3,2,242,33
commutation_phase2,33,33,0.0,0.9999999999999998,True,0.001081705093383789,E10_real_variance,HardwareEfficient,3,15,3,2,242,33
hybrid_phase1_2,33,33,0.0,0.9999999999999998,True,0.01409769058227539,E10_real_variance,HardwareEfficient,3,15,3,2,242,33
template_phase2b,33,33,0.0,0.9999999999999998,True,0.0,E10_real_variance,HardwareEfficient,3,15,3,2,242,33
greedy_phase1,33,33,0.0,0.9999999999999998,True,0.0010640621185302734,E10_real_variance,HardwareEfficient,3,15,3,3,342,33
commutation_phase2,33,33,0.0,0.9999999999999998,True,0.0010004043579101562,E10_real_variance,HardwareEfficient,3,15,3,3,342,33
hybrid_phase1_2,33,33,0.0,0.9999999999999998,True,0.014049291610717773,E10_real_variance,HardwareEfficient,3,15,3,3,342,33
template_phase2b,33,33,0.0,0.9999999999999998,True,0.0,E10_real_variance,HardwareEfficient,3,15,3,3,342,33
greedy_phase1,33,33,0.0,0.9999999999999998,True,0.0009844303131103516,E10_real_variance,HardwareEfficient,3,15,3,4,442,33
commutation_phase2,33,33,0.0,0.9999999999999998,True,0.001999378204345703,E10_real_variance,HardwareEfficient,3,15,3,4,442,33
hybrid_phase1_2,33,33,0.0,0.9999999999999998,True,0.013904809951782227,E10_real_variance,HardwareEfficient,3,15,3,4,442,33
template_phase2b,33,33,0.0,0.9999999999999998,True,0.0,E10_real_variance,HardwareEfficient,3,15,3,4,442,33
greedy_phase1,45,45,0.0,0.9999999999999996,True,0.0009920597076416016,E10_real_variance,HardwareEfficient,4,15,4,0,42,45
commutation_phase2,45,45,0.0,0.9999999999999996,True,0.0020210742950439453,E10_real_variance,HardwareEfficient,4,15,4,0,42,45
hybrid_phase1_2,45,45,0.0,0.9999999999999996,True,0.018999338150024414,E10_real_variance,HardwareEfficient,4,15,4,0,42,45
template_phase2b,45,45,0.0,0.9999999999999996,True,0.0,E10_real_variance,HardwareEfficient,4,15,4,0,42,45
greedy_phase1,45,45,0.0,0.9999999999999996,True,0.0009975433349609375,E10_real_variance,HardwareEfficient,4,15,4,1,142,45
commutation_phase2,45,45,0.0,0.9999999999999996,True,0.0020046234130859375,E10_real_variance,HardwareEfficient,4,15,4,1,142,45
hybrid_phase1_2,45,45,0.0,0.9999999999999996,True,0.01859736442565918,E10_real_variance,HardwareEfficient,4,15,4,1,142,45
template_phase2b,45,45,0.0,0.9999999999999996,True,0.0,E10_real_variance,HardwareEfficient,4,15,4,1,142,45
greedy_phase1,45,45,0.0,0.9999999999999996,True,0.0010001659393310547,E10_real_variance,HardwareEfficient,4,15,4,2,242,45
commutation_phase2,45,45,0.0,0.9999999999999996,True,0.0019986629486083984,E10_real_variance,HardwareEfficient,4,15,4,2,242,45
hybrid_phase1_2,45,45,0.0,0.9999999999999996,True,0.01899886131286621,E10_real_variance,HardwareEfficient,4,15,4,2,242,45
template_phase2b,45,45,0.0,0.9999999999999996,True,0.0,E10_real_variance,HardwareEfficient,4,15,4,2,242,45
greedy_phase1,45,45,0.0,0.9999999999999996,True,0.0009772777557373047,E10_real_variance,HardwareEfficient,4,15,4,3,342,45
commutation_phase2,45,45,0.0,0.9999999999999996,True,0.0020809173583984375,E10_real_variance,HardwareEfficient,4,15,4,3,342,45
hybrid_phase1_2,45,45,0.0,0.9999999999999996,True,0.019785642623901367,E10_real_variance,HardwareEfficient,4,15,4,3,342,45
template_phase2b,45,45,0.0,0.9999999999999996,True,0.0,E10_real_variance,HardwareEfficient,4,15,4,3,342,45
greedy_phase1,45,45,0.0,0.9999999999999996,True,0.0010809898376464844,E10_real_variance,HardwareEfficient,4,15,4,4,442,45
commutation_phase2,45,45,0.0,0.9999999999999996,True,0.001001119613647461,E10_real_variance,HardwareEfficient,4,15,4,4,442,45
hybrid_phase1_2,45,45,0.0,0.9999999999999996,True,0.018995285034179688,E10_real_variance,HardwareEfficient,4,15,4,4,442,45
template_phase2b,45,45,0.0,0.9999999999999996,True,0.0010139942169189453,E10_real_variance,HardwareEfficient,4,15,4,4,442,45
greedy_phase1,57,57,0.0,0.9999999999999996,True,0.0009860992431640625,E10_real_variance,HardwareEfficient,5,15,5,0,42,57
commutation_phase2,57,57,0.0,0.9999999999999996,True,0.0023336410522460938,E10_real_variance,HardwareEfficient,5,15,5,0,42,57
hybrid_phase1_2,57,57,0.0,0.9999999999999996,True,0.027517318725585938,E10_real_variance,HardwareEfficient,5,15,5,0,42,57
template_phase2b,57,57,0.0,0.9999999999999996,True,0.0009589195251464844,E10_real_variance,HardwareEfficient,5,15,5,0,42,57
greedy_phase1,57,57,0.0,0.9999999999999996,True,0.0009906291961669922,E10_real_variance,HardwareEfficient,5,15,5,1,142,57
commutation_phase2,57,57,0.0,0.9999999999999996,True,0.0030007362365722656,E10_real_variance,HardwareEfficient,5,15,5,1,142,57
hybrid_phase1_2,57,57,0.0,0.9999999999999996,True,0.026994943618774414,E10_real_variance,HardwareEfficient,5,15,5,1,142,57
template_phase2b,57,57,0.0,0.9999999999999996,True,0.0,E10_real_variance,HardwareEfficient,5,15,5,1,142,57
greedy_phase1,57,57,0.0,0.9999999999999996,True,0.000989675521850586,E10_real_variance,HardwareEfficient,5,15,5,2,242,57
commutation_phase2,57,57,0.0,0.9999999999999996,True,0.00398707389831543,E10_real_variance,HardwareEfficient,5,15,5,2,242,57
hybrid_phase1_2,57,57,0.0,0.9999999999999996,True,0.026093482971191406,E10_real_variance,HardwareEfficient,5,15,5,2,242,57
template_phase2b,57,57,0.0,0.9999999999999996,True,0.0010499954223632812,E10_real_variance,HardwareEfficient,5,15,5,2,242,57
greedy_phase1,57,57,0.0,0.9999999999999996,True,0.0,E10_real_variance,HardwareEfficient,5,15,5,3,342,57
commutation_phase2,57,57,0.0,0.9999999999999996,True,0.0019927024841308594,E10_real_variance,HardwareEfficient,5,15,5,3,342,57
hybrid_phase1_2,57,57,0.0,0.9999999999999996,True,0.027591228485107422,E10_real_variance,HardwareEfficient,5,15,5,3,342,57
template_phase2b,57,57,0.0,0.9999999999999996,True,0.0,E10_real_variance,HardwareEfficient,5,15,5,3,342,57
greedy_phase1,57,57,0.0,0.9999999999999996,True,0.0009996891021728516,E10_real_variance,HardwareEfficient,5,15,5,4,442,57
commutation_phase2,57,57,0.0,0.9999999999999996,True,0.00189971923828125,E10_real_variance,HardwareEfficient,5,15,5,4,442,57
hybrid_phase1_2,57,57,0.0,0.9999999999999996,True,0.030384540557861328,E10_real_variance,HardwareEfficient,5,15,5,4,442,57
template_phase2b,57,57,0.0,0.9999999999999996,True,0.0010020732879638672,E10_real_variance,HardwareEfficient,5,15,5,4,442,57
greedy_phase1,69,69,0.0,0.9999999999999996,True,0.0009930133819580078,E10_real_variance,HardwareEfficient,6,15,6,0,42,69
commutation_phase2,69,69,0.0,0.9999999999999996,True,0.002946138381958008,E10_real_variance,HardwareEfficient,6,15,6,0,42,69
hybrid_phase1_2,69,69,0.0,0.9999999999999996,True,0.043048858642578125,E10_real_variance,HardwareEfficient,6,15,6,0,42,69
template_phase2b,69,69,0.0,0.9999999999999996,True,0.001092672348022461,E10_real_variance,HardwareEfficient,6,15,6,0,42,69
greedy_phase1,69,69,0.0,0.9999999999999996,True,0.0014069080352783203,E10_real_variance,HardwareEfficient,6,15,6,1,142,69
commutation_phase2,69,69,0.0,0.9999999999999996,True,0.003689289093017578,E10_real_variance,HardwareEfficient,6,15,6,1,142,69
hybrid_phase1_2,69,69,0.0,0.9999999999999996,True,0.04261612892150879,E10_real_variance,HardwareEfficient,6,15,6,1,142,69
template_phase2b,69,69,0.0,0.9999999999999996,True,0.0,E10_real_variance,HardwareEfficient,6,15,6,1,142,69
greedy_phase1,69,69,0.0,0.9999999999999996,True,0.0010004043579101562,E10_real_variance,HardwareEfficient,6,15,6,2,242,69
commutation_phase2,69,69,0.0,0.9999999999999996,True,0.0029973983764648438,E10_real_variance,HardwareEfficient,6,15,6,2,242,69
hybrid_phase1_2,69,69,0.0,0.9999999999999996,True,0.044966697692871094,E10_real_variance,HardwareEfficient,6,15,6,2,242,69
template_phase2b,69,69,0.0,0.9999999999999996,True,0.0,E10_real_variance,HardwareEfficient,6,15,6,2,242,69
greedy_phase1,69,69,0.0,0.9999999999999996,True,0.0009853839874267578,E10_real_variance,HardwareEfficient,6,15,6,3,342,69
commutation_phase2,69,69,0.0,0.9999999999999996,True,0.003003835678100586,E10_real_variance,HardwareEfficient,6,15,6,3,342,69
hybrid_phase1_2,69,69,0.0,0.9999999999999996,True,0.042085886001586914,E10_real_variance,HardwareEfficient,6,15,6,3,342,69
template_phase2b,69,69,0.0,0.9999999999999996,True,0.0009272098541259766,E10_real_variance,HardwareEfficient,6,15,6,3,342,69
greedy_phase1,69,69,0.0,0.9999999999999996,True,0.00099945068359375,E10_real_variance,HardwareEfficient,6,15,6,4,442,69
commutation_phase2,69,69,0.0,0.9999999999999996,True,0.003013134002685547,E10_real_variance,HardwareEfficient,6,15,6,4,442,69
hybrid_phase1_2,69,69,0.0,0.9999999999999996,True,0.04230237007141113,E10_real_variance,HardwareEfficient,6,15,6,4,442,69
template_phase2b,69,69,0.0,0.9999999999999996,True,0.0009982585906982422,E10_real_variance,HardwareEfficient,6,15,6,4,442,69
greedy_phase1,81,81,0.0,0.9999999999999996,True,0.002000570297241211,E10_real_variance,HardwareEfficient,7,15,7,0,42,81
commutation_phase2,81,81,0.0,0.9999999999999996,True,0.0029845237731933594,E10_real_variance,HardwareEfficient,7,15,7,0,42,81
hybrid_phase1_2,81,81,0.0,0.9999999999999996,True,0.08925509452819824,E10_real_variance,HardwareEfficient,7,15,7,0,42,81
template_phase2b,81,81,0.0,0.9999999999999996,True,0.0,E10_real_variance,HardwareEfficient,7,15,7,0,42,81
greedy_phase1,81,81,0.0,0.9999999999999996,True,0.0020055770874023438,E10_real_variance,HardwareEfficient,7,15,7,1,142,81
commutation_phase2,81,81,0.0,0.9999999999999996,True,0.004018306732177734,E10_real_variance,HardwareEfficient,7,15,7,1,142,81
hybrid_phase1_2,81,81,0.0,0.9999999999999996,True,0.0868065357208252,E10_real_variance,HardwareEfficient,7,15,7,1,142,81
template_phase2b,81,81,0.0,0.9999999999999996,True,0.0011034011840820312,E10_real_variance,HardwareEfficient,7,15,7,1,142,81
greedy_phase1,81,81,0.0,0.9999999999999996,True,0.0020835399627685547,E10_real_variance,HardwareEfficient,7,15,7,2,242,81
commutation_phase2,81,81,0.0,0.9999999999999996,True,0.004063606262207031,E10_real_variance,HardwareEfficient,7,15,7,2,242,81
hybrid_phase1_2,81,81,0.0,0.9999999999999996,True,0.09021902084350586,E10_real_variance,HardwareEfficient,7,15,7,2,242,81
template_phase2b,81,81,0.0,0.9999999999999996,True,0.0009679794311523438,E10_real_variance,HardwareEfficient,7,15,7,2,242,81
greedy_phase1,81,81,0.0,0.9999999999999996,True,0.0009052753448486328,E10_real_variance,HardwareEfficient,7,15,7,3,342,81
commutation_phase2,81,81,0.0,0.9999999999999996,True,0.0029985904693603516,E10_real_variance,HardwareEfficient,7,15,7,3,342,81
hybrid_phase1_2,81,81,0.0,0.9999999999999996,True,0.09340929985046387,E10_real_variance,HardwareEfficient,7,15,7,3,342,81
template_phase2b,81,81,0.0,0.9999999999999996,True,0.0010006427764892578,E10_real_variance,HardwareEfficient,7,15,7,3,342,81
greedy_phase1,81,81,0.0,0.9999999999999996,True,0.0009965896606445312,E10_real_variance,HardwareEfficient,7,15,7,4,442,81
commutation_phase2,81,81,0.0,0.9999999999999996,True,0.004000425338745117,E10_real_variance,HardwareEfficient,7,15,7,4,442,81
hybrid_phase1_2,81,81,0.0,0.9999999999999996,True,0.08751320838928223,E10_real_variance,HardwareEfficient,7,15,7,4,442,81
template_phase2b,81,81,0.0,0.9999999999999996,True,0.0010044574737548828,E10_real_variance,HardwareEfficient,7,15,7,4,442,81
