experiment,circuit_id,circuit_family,n_qubits,variant_idx,tool,gate_count,base_gate_count,unitary_check,error
E_listing_sensitivity_v8,qwalk_5,QuantumWalk,6,36,qiskit_L3,282,,pass,
E_listing_sensitivity_v8,qwalk_5,QuantumWalk,6,36,tket_FPO_noswap,1673,,pass,
E_listing_sensitivity_v8,qwalk_5,QuantumWalk,6,36,cirq_default,1988,,pass,
E_listing_sensitivity_v8,qwalk_5,QuantumWalk,6,36,prototype_greedy,70,,pass,
E_listing_sensitivity_v8,qwalk_5,QuantumWalk,6,37,qiskit_L3,282,,pass,
E_listing_sensitivity_v8,qwalk_5,QuantumWalk,6,37,tket_FPO_noswap,1673,,pass,
E_listing_sensitivity_v8,qwalk_5,QuantumWalk,6,37,cirq_default,1988,,pass,
E_listing_sensitivity_v8,qwalk_5,QuantumWalk,6,37,prototype_greedy,70,,pass,
E_listing_sensitivity_v8,qwalk_5,QuantumWalk,6,38,qiskit_L3,282,,pass,
E_listing_sensitivity_v8,qwalk_5,QuantumWalk,6,38,tket_FPO_noswap,1673,,pass,
E_listing_sensitivity_v8,qwalk_5,QuantumWalk,6,38,cirq_default,1988,,pass,
E_listing_sensitivity_v8,qwalk_5,QuantumWalk,6,38,prototype_greedy,70,,pass,
E_listing_sensitivity_v8,qwalk_5,QuantumWalk,6,39,qiskit_L3,282,,pass,
E_listing_sensitivity_v8,qwalk_5,QuantumWalk,6,39,tket_FPO_noswap,1673,,pass,
E_listing_sensitivity_v8,qwalk_5,QuantumWalk,6,39,cirq_default,1988,,pass,
E_listing_sensitivity_v8,qwalk_5,QuantumWalk,6,39,prototype_greedy,70,,pass,
E_listing_sensitivity_v8,qwalk_5,QuantumWalk,6,40,qiskit_L3,282,,pass,
E_listing_sensitivity_v8,qwalk_5,QuantumWalk,6,40,tket_FPO_noswap,1673,,pass,
E_listing_sensitivity_v8,qwalk_5,QuantumWalk,6,40,cirq_default,1988,,pass,
E_listing_sensitivity_v8,qwalk_5,QuantumWalk,6,40,prototype_greedy,70,,pass,
E_listing_sensitivity_v8,qwalk_5,QuantumWalk,6,41,qiskit_L3,282,,pass,
E_listing_sensitivity_v8,qwalk_5,QuantumWalk,6,41,tket_FPO_noswap,1673,,pass,
E_listing_sensitivity_v8,qwalk_5,QuantumWalk,6,41,cirq_default,1988,,pass,
E_listing_sensitivity_v8,qwalk_5,QuantumWalk,6,41,prototype_greedy,70,,pass,
E_listing_sensitivity_v8,qwalk_5,QuantumWalk,6,42,qiskit_L3,282,,pass,
E_listing_sensitivity_v8,qwalk_5,QuantumWalk,6,42,tket_FPO_noswap,1673,,pass,
E_listing_sensitivity_v8,qwalk_5,QuantumWalk,6,42,cirq_default,1988,,pass,
E_listing_sensitivity_v8,qwalk_5,QuantumWalk,6,42,prototype_greedy,70,,pass,
E_listing_sensitivity_v8,qwalk_5,QuantumWalk,6,43,qiskit_L3,282,,pass,
E_listing_sensitivity_v8,qwalk_5,QuantumWalk,6,43,tket_FPO_noswap,1673,,pass,
E_listing_sensitivity_v8,qwalk_5,QuantumWalk,6,43,cirq_default,1988,,pass,
E_listing_sensitivity_v8,qwalk_5,QuantumWalk,6,43,prototype_greedy,70,,pass,
